sura,ayah,
1,1,
1,2,
1,3,
1,4,
1,5,
1,6,
1,7,
2,1,
2,2,
2,3,
2,4,
2,5,
2,6,
2,7,
2,8,
2,9,
2,10,
2,11,
2,12,
2,13,
2,14,
2,15,
2,16,
2,17,
2,18,
2,19,
2,20,
2,21,
2,22,
2,23,
2,24,
2,25,
2,26,
2,27,
2,28,
2,29,
2,30,
2,31,
2,32,
2,33,
2,34,
2,35,
2,36,
2,37,
2,38,
2,39,
2,40,
2,41,
2,42,
2,43,
2,44,
2,45,
2,46,
2,47,
2,48,
2,49,
2,50,
2,51,
2,52,
2,53,
2,54,
2,55,
2,56,
2,57,
2,58,
2,59,
2,60,
2,61,
2,62,
2,63,
2,64,
2,65,
2,66,
2,67,
2,68,
2,69,
2,70,
2,71,
2,72,
2,73,
2,74,
2,75,
2,76,
2,77,
2,78,
2,79,
2,80,
2,81,
2,82,
2,83,
2,84,
2,85,
2,86,
2,87,
2,88,
2,89,
2,90,
2,91,
2,92,
2,93,
2,94,
2,95,
2,96,
2,97,
2,98,
2,99,
2,100,
2,101,
2,102,
2,103,
2,104,
2,105,
2,106,
2,107,
2,108,
2,109,
2,110,
2,111,
2,112,
2,113,
2,114,
2,115,
2,116,
2,117,
2,118,
2,119,
2,120,
2,121,
2,122,
2,123,
2,124,
2,125,
2,126,
2,127,
2,128,
2,129,
2,130,
2,131,
2,132,
2,133,
2,134,
2,135,
2,136,
2,137,
2,138,
2,139,
2,140,
2,141,
2,142,
2,143,
2,144,
2,145,
2,146,
2,147,
2,148,
2,149,
2,150,
2,151,
2,152,
2,153,
2,154,
2,155,
2,156,
2,157,
2,158,
2,159,
2,160,
2,161,
2,162,
2,163,
2,164,
2,165,
2,166,
2,167,
2,168,
2,169,
2,170,
2,171,
2,172,
2,173,
2,174,
2,175,
2,176,
2,177,
2,178,
2,179,
2,180,
2,181,
2,182,
2,183,
2,184,
2,185,
2,186,
2,187,
2,188,
2,189,
2,190,
2,191,
2,192,
2,193,
2,194,
2,195,
2,196,
2,197,
2,198,
2,199,
2,200,
2,201,
2,202,
2,203,
2,204,
2,205,
2,206,
2,207,
2,208,
2,209,
2,210,
2,211,
2,212,
2,213,
2,214,
2,215,
2,216,
2,217,
2,218,
2,219,
2,220,
2,221,
2,222,
2,223,
2,224,
2,225,
2,226,
2,227,
2,228,
2,229,
2,230,
2,231,
2,232,
2,233,
2,234,
2,235,
2,236,
2,237,
2,238,
2,239,
2,240,
2,241,
2,242,
2,243,
2,244,
2,245,
2,246,
2,247,
2,248,
2,249,
2,250,
2,251,
2,252,
2,253,
2,254,
2,255,
2,256,
2,257,
2,258,
2,259,
2,260,
2,261,
2,262,
2,263,
2,264,
2,265,
2,266,
2,267,
2,268,
2,269,
2,270,
2,271,
2,272,
2,273,
2,274,
2,275,
2,276,
2,277,
2,278,
2,279,
2,280,
2,281,
2,282,
2,283,
2,284,
2,285,
2,286,
3,1,
3,2,
3,3,
3,4,
3,5,
3,6,
3,7,
3,8,
3,9,
3,10,
3,11,
3,12,
3,13,
3,14,
3,15,
3,16,
3,17,
3,18,
3,19,
3,20,
3,21,
3,22,
3,23,
3,24,
3,25,
3,26,
3,27,
3,28,
3,29,
3,30,
3,31,
3,32,
3,33,
3,34,
3,35,
3,36,
3,37,
3,38,
3,39,
3,40,
3,41,
3,42,
3,43,
3,44,
3,45,
3,46,
3,47,
3,48,
3,49,
3,50,
3,51,
3,52,
3,53,
3,54,
3,55,
3,56,
3,57,
3,58,
3,59,
3,60,
3,61,
3,62,
3,63,
3,64,
3,65,
3,66,
3,67,
3,68,
3,69,
3,70,
3,71,
3,72,
3,73,
3,74,
3,75,
3,76,
3,77,
3,78,
3,79,
3,80,
3,81,
3,82,
3,83,
3,84,
3,85,
3,86,
3,87,
3,88,
3,89,
3,90,
3,91,
3,92,
3,93,
3,94,
3,95,
3,96,
3,97,
3,98,
3,99,
3,100,
3,101,
3,102,
3,103,
3,104,
3,105,
3,106,
3,107,
3,108,
3,109,
3,110,
3,111,
3,112,
3,113,
3,114,
3,115,
3,116,
3,117,
3,118,
3,119,
3,120,
3,121,
3,122,
3,123,
3,124,
3,125,
3,126,
3,127,
3,128,
3,129,
3,130,
3,131,
3,132,
3,133,
3,134,
3,135,
3,136,
3,137,
3,138,
3,139,
3,140,
3,141,
3,142,
3,143,
3,144,
3,145,
3,146,
3,147,
3,148,
3,149,
3,150,
3,151,
3,152,
3,153,
3,154,
3,155,
3,156,
3,157,
3,158,
3,159,
3,160,
3,161,
3,162,
3,163,
3,164,
3,165,
3,166,
3,167,
3,168,
3,169,
3,170,
3,171,
3,172,
3,173,
3,174,
3,175,
3,176,
3,177,
3,178,
3,179,
3,180,
3,181,
3,182,
3,183,
3,184,
3,185,
3,186,
3,187,
3,188,
3,189,
3,190,
3,191,
3,192,
3,193,
3,194,
3,195,
3,196,
3,197,
3,198,
3,199,
3,200,
4,1,
4,2,
4,3,
4,4,
4,5,
4,6,
4,7,
4,8,
4,9,
4,10,
4,11,
4,12,
4,13,
4,14,
4,15,
4,16,
4,17,
4,18,
4,19,
4,20,
4,21,
4,22,
4,23,
4,24,
4,25,
4,26,
4,27,
4,28,
4,29,
4,30,
4,31,
4,32,
4,33,
4,34,
4,35,
4,36,
4,37,
4,38,
4,39,
4,40,
4,41,
4,42,
4,43,
4,44,
4,45,
4,46,
4,47,
4,48,
4,49,
4,50,
4,51,
4,52,
4,53,
4,54,
4,55,
4,56,
4,57,
4,58,
4,59,
4,60,
4,61,
4,62,
4,63,
4,64,
4,65,
4,66,
4,67,
4,68,
4,69,
4,70,
4,71,
4,72,
4,73,
4,74,
4,75,
4,76,
4,77,
4,78,
4,79,
4,80,
4,81,
4,82,
4,83,
4,84,
4,85,
4,86,
4,87,
4,88,
4,89,
4,90,
4,91,
4,92,
4,93,
4,94,
4,95,
4,96,
4,97,
4,98,
4,99,
4,100,
4,101,
4,102,
4,103,
4,104,
4,105,
4,106,
4,107,
4,108,
4,109,
4,110,
4,111,
4,112,
4,113,
4,114,
4,115,
4,116,
4,117,
4,118,
4,119,
4,120,
4,121,
4,122,
4,123,
4,124,
4,125,
4,126,
4,127,
4,128,
4,129,
4,130,
4,131,
4,132,
4,133,
4,134,
4,135,
4,136,
4,137,
4,138,
4,139,
4,140,
4,141,
4,142,
4,143,
4,144,
4,145,
4,146,
4,147,
4,148,
4,149,
4,150,
4,151,
4,152,
4,153,
4,154,
4,155,
4,156,
4,157,
4,158,
4,159,
4,160,
4,161,
4,162,
4,163,
4,164,
4,165,
4,166,
4,167,
4,168,
4,169,
4,170,
4,171,
4,172,
4,173,
4,174,
4,175,
4,176,
5,1,
5,2,
5,3,
5,4,
5,5,
5,6,
5,7,
5,8,
5,9,
5,10,
5,11,
5,12,
5,13,
5,14,
5,15,
5,16,
5,17,
5,18,
5,19,
5,20,
5,21,
5,22,
5,23,
5,24,
5,25,
5,26,
5,27,
5,28,
5,29,
5,30,
5,31,
5,32,
5,33,
5,34,
5,35,
5,36,
5,37,
5,38,
5,39,
5,40,
5,41,
5,42,
5,43,
5,44,
5,45,
5,46,
5,47,
5,48,
5,49,
5,50,
5,51,
5,52,
5,53,
5,54,
5,55,
5,56,
5,57,
5,58,
5,59,
5,60,
5,61,
5,62,
5,63,
5,64,
5,65,
5,66,
5,67,
5,68,
5,69,
5,70,
5,71,
5,72,
5,73,
5,74,
5,75,
5,76,
5,77,
5,78,
5,79,
5,80,
5,81,
5,82,
5,83,
5,84,
5,85,
5,86,
5,87,
5,88,
5,89,
5,90,
5,91,
5,92,
5,93,
5,94,
5,95,
5,96,
5,97,
5,98,
5,99,
5,100,
5,101,
5,102,
5,103,
5,104,
5,105,
5,106,
5,107,
5,108,
5,109,
5,110,
5,111,
5,112,
5,113,
5,114,
5,115,
5,116,
5,117,
5,118,
5,119,
5,120,
6,1,
6,2,
6,3,
6,4,
6,5,
6,6,
6,7,
6,8,
6,9,
6,10,
6,11,
6,12,
6,13,
6,14,
6,15,
6,16,
6,17,
6,18,
6,19,
6,20,
6,21,
6,22,
6,23,
6,24,
6,25,
6,26,
6,27,
6,28,
6,29,
6,30,
6,31,
6,32,
6,33,
6,34,
6,35,
6,36,
6,37,
6,38,
6,39,
6,40,
6,41,
6,42,
6,43,
6,44,
6,45,
6,46,
6,47,
6,48,
6,49,
6,50,
6,51,
6,52,
6,53,
6,54,
6,55,
6,56,
6,57,
6,58,
6,59,
6,60,
6,61,
6,62,
6,63,
6,64,
6,65,
6,66,
6,67,
6,68,
6,69,
6,70,
6,71,
6,72,
6,73,
6,74,
6,75,
6,76,
6,77,
6,78,
6,79,
6,80,
6,81,
6,82,
6,83,
6,84,
6,85,
6,86,
6,87,
6,88,
6,89,
6,90,
6,91,
6,92,
6,93,
6,94,
6,95,
6,96,
6,97,
6,98,
6,99,
6,100,
6,101,
6,102,
6,103,
6,104,
6,105,
6,106,
6,107,
6,108,
6,109,
6,110,
6,111,
6,112,
6,113,
6,114,
6,115,
6,116,
6,117,
6,118,
6,119,
6,120,
6,121,
6,122,
6,123,
6,124,
6,125,
6,126,
6,127,
6,128,
6,129,
6,130,
6,131,
6,132,
6,133,
6,134,
6,135,
6,136,
6,137,
6,138,
6,139,
6,140,
6,141,
6,142,
6,143,
6,144,
6,145,
6,146,
6,147,
6,148,
6,149,
6,150,
6,151,
6,152,
6,153,
6,154,
6,155,
6,156,
6,157,
6,158,
6,159,
6,160,
6,161,
6,162,
6,163,
6,164,
6,165,
7,1,
7,2,
7,3,
7,4,
7,5,
7,6,
7,7,
7,8,
7,9,
7,10,
7,11,
7,12,
7,13,
7,14,
7,15,
7,16,
7,17,
7,18,
7,19,
7,20,
7,21,
7,22,
7,23,
7,24,
7,25,
7,26,
7,27,
7,28,
7,29,
7,30,
7,31,
7,32,
7,33,
7,34,
7,35,
7,36,
7,37,
7,38,
7,39,
7,40,
7,41,
7,42,
7,43,
7,44,
7,45,
7,46,
7,47,
7,48,
7,49,
7,50,
7,51,
7,52,
7,53,
7,54,
7,55,
7,56,
7,57,
7,58,
7,59,
7,60,
7,61,
7,62,
7,63,
7,64,
7,65,
7,66,
7,67,
7,68,
7,69,
7,70,
7,71,
7,72,
7,73,
7,74,
7,75,
7,76,
7,77,
7,78,
7,79,
7,80,
7,81,
7,82,
7,83,
7,84,
7,85,
7,86,
7,87,
7,88,
7,89,
7,90,
7,91,
7,92,
7,93,
7,94,
7,95,
7,96,
7,97,
7,98,
7,99,
7,100,
7,101,
7,102,
7,103,
7,104,
7,105,
7,106,
7,107,
7,108,
7,109,
7,110,
7,111,
7,112,
7,113,
7,114,
7,115,
7,116,
7,117,
7,118,
7,119,
7,120,
7,121,
7,122,
7,123,
7,124,
7,125,
7,126,
7,127,
7,128,
7,129,
7,130,
7,131,
7,132,
7,133,
7,134,
7,135,
7,136,
7,137,
7,138,
7,139,
7,140,
7,141,
7,142,
7,143,
7,144,
7,145,
7,146,
7,147,
7,148,
7,149,
7,150,
7,151,
7,152,
7,153,
7,154,
7,155,
7,156,
7,157,
7,158,
7,159,
7,160,
7,161,
7,162,
7,163,
7,164,
7,165,
7,166,
7,167,
7,168,
7,169,
7,170,
7,171,
7,172,
7,173,
7,174,
7,175,
7,176,
7,177,
7,178,
7,179,
7,180,
7,181,
7,182,
7,183,
7,184,
7,185,
7,186,
7,187,
7,188,
7,189,
7,190,
7,191,
7,192,
7,193,
7,194,
7,195,
7,196,
7,197,
7,198,
7,199,
7,200,
7,201,
7,202,
7,203,
7,204,
7,205,
7,206,
8,1,
8,2,
8,3,
8,4,
8,5,
8,6,
8,7,
8,8,
8,9,
8,10,
8,11,
8,12,
8,13,
8,14,
8,15,
8,16,
8,17,
8,18,
8,19,
8,20,
8,21,
8,22,
8,23,
8,24,
8,25,
8,26,
8,27,
8,28,
8,29,
8,30,
8,31,
8,32,
8,33,
8,34,
8,35,
8,36,
8,37,
8,38,
8,39,
8,40,
8,41,
8,42,
8,43,
8,44,
8,45,
8,46,
8,47,
8,48,
8,49,
8,50,
8,51,
8,52,
8,53,
8,54,
8,55,
8,56,
8,57,
8,58,
8,59,
8,60,
8,61,
8,62,
8,63,
8,64,
8,65,
8,66,
8,67,
8,68,
8,69,
8,70,
8,71,
8,72,
8,73,
8,74,
8,75,
9,1,
9,2,
9,3,
9,4,
9,5,
9,6,
9,7,
9,8,
9,9,
9,10,
9,11,
9,12,
9,13,
9,14,
9,15,
9,16,
9,17,
9,18,
9,19,
9,20,
9,21,
9,22,
9,23,
9,24,
9,25,
9,26,
9,27,
9,28,
9,29,
9,30,
9,31,
9,32,
9,33,
9,34,
9,35,
9,36,
9,37,
9,38,
9,39,
9,40,
9,41,
9,42,
9,43,
9,44,
9,45,
9,46,
9,47,
9,48,
9,49,
9,50,
9,51,
9,52,
9,53,
9,54,
9,55,
9,56,
9,57,
9,58,
9,59,
9,60,
9,61,
9,62,
9,63,
9,64,
9,65,
9,66,
9,67,
9,68,
9,69,
9,70,
9,71,
9,72,
9,73,
9,74,
9,75,
9,76,
9,77,
9,78,
9,79,
9,80,
9,81,
9,82,
9,83,
9,84,
9,85,
9,86,
9,87,
9,88,
9,89,
9,90,
9,91,
9,92,
9,93,
9,94,
9,95,
9,96,
9,97,
9,98,
9,99,
9,100,
9,101,
9,102,
9,103,
9,104,
9,105,
9,106,
9,107,
9,108,
9,109,
9,110,
9,111,
9,112,
9,113,
9,114,
9,115,
9,116,
9,117,
9,118,
9,119,
9,120,
9,121,
9,122,
9,123,
9,124,
9,125,
9,126,
9,127,
9,128,
9,129,
10,1,
10,2,
10,3,
10,4,
10,5,
10,6,
10,7,
10,8,
10,9,
10,10,
10,11,
10,12,
10,13,
10,14,
10,15,
10,16,
10,17,
10,18,
10,19,
10,20,
10,21,
10,22,
10,23,
10,24,
10,25,
10,26,
10,27,
10,28,
10,29,
10,30,
10,31,
10,32,
10,33,
10,34,
10,35,
10,36,
10,37,
10,38,
10,39,
10,40,
10,41,
10,42,
10,43,
10,44,
10,45,
10,46,
10,47,
10,48,
10,49,
10,50,
10,51,
10,52,
10,53,
10,54,
10,55,
10,56,
10,57,
10,58,
10,59,
10,60,
10,61,
10,62,
10,63,
10,64,
10,65,
10,66,
10,67,
10,68,
10,69,
10,70,
10,71,
10,72,
10,73,
10,74,
10,75,
10,76,
10,77,
10,78,
10,79,
10,80,
10,81,
10,82,
10,83,
10,84,
10,85,
10,86,
10,87,
10,88,
10,89,
10,90,
10,91,
10,92,
10,93,
10,94,
10,95,
10,96,
10,97,
10,98,
10,99,
10,100,
10,101,
10,102,
10,103,
10,104,
10,105,
10,106,
10,107,
10,108,
10,109,
11,1,
11,2,
11,3,
11,4,
11,5,
11,6,
11,7,
11,8,
11,9,
11,10,
11,11,
11,12,
11,13,
11,14,
11,15,
11,16,
11,17,
11,18,
11,19,
11,20,
11,21,
11,22,
11,23,
11,24,
11,25,
11,26,
11,27,
11,28,
11,29,
11,30,
11,31,
11,32,
11,33,
11,34,
11,35,
11,36,
11,37,
11,38,
11,39,
11,40,
11,41,
11,42,
11,43,
11,44,
11,45,
11,46,
11,47,
11,48,
11,49,
11,50,
11,51,
11,52,
11,53,
11,54,
11,55,
11,56,
11,57,
11,58,
11,59,
11,60,
11,61,
11,62,
11,63,
11,64,
11,65,
11,66,
11,67,
11,68,
11,69,
11,70,
11,71,
11,72,
11,73,
11,74,
11,75,
11,76,
11,77,
11,78,
11,79,
11,80,
11,81,
11,82,
11,83,
11,84,
11,85,
11,86,
11,87,
11,88,
11,89,
11,90,
11,91,
11,92,
11,93,
11,94,
11,95,
11,96,
11,97,
11,98,
11,99,
11,100,
11,101,
11,102,
11,103,
11,104,
11,105,
11,106,
11,107,
11,108,
11,109,
11,110,
11,111,
11,112,
11,113,
11,114,
11,115,
11,116,
11,117,
11,118,
11,119,
11,120,
11,121,
11,122,
11,123,
12,1,
12,2,
12,3,
12,4,
12,5,
12,6,
12,7,
12,8,
12,9,
12,10,
12,11,
12,12,
12,13,
12,14,
12,15,
12,16,
12,17,
12,18,
12,19,
12,20,
12,21,
12,22,
12,23,
12,24,
12,25,
12,26,
12,27,
12,28,
12,29,
12,30,
12,31,
12,32,
12,33,
12,34,
12,35,
12,36,
12,37,
12,38,
12,39,
12,40,
12,41,
12,42,
12,43,
12,44,
12,45,
12,46,
12,47,
12,48,
12,49,
12,50,
12,51,
12,52,
12,53,
12,54,
12,55,
12,56,
12,57,
12,58,
12,59,
12,60,
12,61,
12,62,
12,63,
12,64,
12,65,
12,66,
12,67,
12,68,
12,69,
12,70,
12,71,
12,72,
12,73,
12,74,
12,75,
12,76,
12,77,
12,78,
12,79,
12,80,
12,81,
12,82,
12,83,
12,84,
12,85,
12,86,
12,87,
12,88,
12,89,
12,90,
12,91,
12,92,
12,93,
12,94,
12,95,
12,96,
12,97,
12,98,
12,99,
12,100,
12,101,
12,102,
12,103,
12,104,
12,105,
12,106,
12,107,
12,108,
12,109,
12,110,
12,111,
13,1,
13,2,
13,3,
13,4,
13,5,
13,6,
13,7,
13,8,
13,9,
13,10,
13,11,
13,12,
13,13,
13,14,
13,15,
13,16,
13,17,
13,18,
13,19,
13,20,
13,21,
13,22,
13,23,
13,24,
13,25,
13,26,
13,27,
13,28,
13,29,
13,30,
13,31,
13,32,
13,33,
13,34,
13,35,
13,36,
13,37,
13,38,
13,39,
13,40,
13,41,
13,42,
13,43,
14,1,
14,2,
14,3,
14,4,
14,5,
14,6,
14,7,
14,8,
14,9,
14,10,
14,11,
14,12,
14,13,
14,14,
14,15,
14,16,
14,17,
14,18,
14,19,
14,20,
14,21,
14,22,
14,23,
14,24,
14,25,
14,26,
14,27,
14,28,
14,29,
14,30,
14,31,
14,32,
14,33,
14,34,
14,35,
14,36,
14,37,
14,38,
14,39,
14,40,
14,41,
14,42,
14,43,
14,44,
14,45,
14,46,
14,47,
14,48,
14,49,
14,50,
14,51,
14,52,
15,1,
15,2,
15,3,
15,4,
15,5,
15,6,
15,7,
15,8,
15,9,
15,10,
15,11,
15,12,
15,13,
15,14,
15,15,
15,16,
15,17,
15,18,
15,19,
15,20,
15,21,
15,22,
15,23,
15,24,
15,25,
15,26,
15,27,
15,28,
15,29,
15,30,
15,31,
15,32,
15,33,
15,34,
15,35,
15,36,
15,37,
15,38,
15,39,
15,40,
15,41,
15,42,
15,43,
15,44,
15,45,
15,46,
15,47,
15,48,
15,49,
15,50,
15,51,
15,52,
15,53,
15,54,
15,55,
15,56,
15,57,
15,58,
15,59,
15,60,
15,61,
15,62,
15,63,
15,64,
15,65,
15,66,
15,67,
15,68,
15,69,
15,70,
15,71,
15,72,
15,73,
15,74,
15,75,
15,76,
15,77,
15,78,
15,79,
15,80,
15,81,
15,82,
15,83,
15,84,
15,85,
15,86,
15,87,
15,88,
15,89,
15,90,
15,91,
15,92,
15,93,
15,94,
15,95,
15,96,
15,97,
15,98,
15,99,
16,1,
16,2,
16,3,
16,4,
16,5,
16,6,
16,7,
16,8,
16,9,
16,10,
16,11,
16,12,
16,13,
16,14,
16,15,
16,16,
16,17,
16,18,
16,19,
16,20,
16,21,
16,22,
16,23,
16,24,
16,25,
16,26,
16,27,
16,28,
16,29,
16,30,
16,31,
16,32,
16,33,
16,34,
16,35,
16,36,
16,37,
16,38,
16,39,
16,40,
16,41,
16,42,
16,43,
16,44,
16,45,
16,46,
16,47,
16,48,
16,49,
16,50,
16,51,
16,52,
16,53,
16,54,
16,55,
16,56,
16,57,
16,58,
16,59,
16,60,
16,61,
16,62,
16,63,
16,64,
16,65,
16,66,
16,67,
16,68,
16,69,
16,70,
16,71,
16,72,
16,73,
16,74,
16,75,
16,76,
16,77,
16,78,
16,79,
16,80,
16,81,
16,82,
16,83,
16,84,
16,85,
16,86,
16,87,
16,88,
16,89,
16,90,
16,91,
16,92,
16,93,
16,94,
16,95,
16,96,
16,97,
16,98,
16,99,
16,100,
16,101,
16,102,
16,103,
16,104,
16,105,
16,106,
16,107,
16,108,
16,109,
16,110,
16,111,
16,112,
16,113,
16,114,
16,115,
16,116,
16,117,
16,118,
16,119,
16,120,
16,121,
16,122,
16,123,
16,124,
16,125,
16,126,
16,127,
16,128,
17,1,
17,2,
17,3,
17,4,
17,5,
17,6,
17,7,
17,8,
17,9,
17,10,
17,11,
17,12,
17,13,
17,14,
17,15,
17,16,
17,17,
17,18,
17,19,
17,20,
17,21,
17,22,
17,23,
17,24,
17,25,
17,26,
17,27,
17,28,
17,29,
17,30,
17,31,
17,32,
17,33,
17,34,
17,35,
17,36,
17,37,
17,38,
17,39,
17,40,
17,41,
17,42,
17,43,
17,44,
17,45,
17,46,
17,47,
17,48,
17,49,
17,50,
17,51,
17,52,
17,53,
17,54,
17,55,
17,56,
17,57,
17,58,
17,59,
17,60,
17,61,
17,62,
17,63,
17,64,
17,65,
17,66,
17,67,
17,68,
17,69,
17,70,
17,71,
17,72,
17,73,
17,74,
17,75,
17,76,
17,77,
17,78,
17,79,
17,80,
17,81,
17,82,
17,83,
17,84,
17,85,
17,86,
17,87,
17,88,
17,89,
17,90,
17,91,
17,92,
17,93,
17,94,
17,95,
17,96,
17,97,
17,98,
17,99,
17,100,
17,101,
17,102,
17,103,
17,104,
17,105,
17,106,
17,107,
17,108,
17,109,
17,110,
17,111,
18,1,
18,2,
18,3,
18,4,
18,5,
18,6,
18,7,
18,8,
18,9,
18,10,
18,11,
18,12,
18,13,
18,14,
18,15,
18,16,
18,17,
18,18,
18,19,
18,20,
18,21,
18,22,
18,23,
18,24,
18,25,
18,26,
18,27,
18,28,
18,29,
18,30,
18,31,
18,32,
18,33,
18,34,
18,35,
18,36,
18,37,
18,38,
18,39,
18,40,
18,41,
18,42,
18,43,
18,44,
18,45,
18,46,
18,47,
18,48,
18,49,
18,50,
18,51,
18,52,
18,53,
18,54,
18,55,
18,56,
18,57,
18,58,
18,59,
18,60,
18,61,
18,62,
18,63,
18,64,
18,65,
18,66,
18,67,
18,68,
18,69,
18,70,
18,71,
18,72,
18,73,
18,74,
18,75,
18,76,
18,77,
18,78,
18,79,
18,80,
18,81,
18,82,
18,83,
18,84,
18,85,
18,86,
18,87,
18,88,
18,89,
18,90,
18,91,
18,92,
18,93,
18,94,
18,95,
18,96,
18,97,
18,98,
18,99,
18,100,
18,101,
18,102,
18,103,
18,104,
18,105,
18,106,
18,107,
18,108,
18,109,
18,110,
19,1,
19,2,
19,3,
19,4,
19,5,
19,6,
19,7,
19,8,
19,9,
19,10,
19,11,
19,12,
19,13,
19,14,
19,15,
19,16,
19,17,
19,18,
19,19,
19,20,
19,21,
19,22,
19,23,
19,24,
19,25,
19,26,
19,27,
19,28,
19,29,
19,30,
19,31,
19,32,
19,33,
19,34,
19,35,
19,36,
19,37,
19,38,
19,39,
19,40,
19,41,
19,42,
19,43,
19,44,
19,45,
19,46,
19,47,
19,48,
19,49,
19,50,
19,51,
19,52,
19,53,
19,54,
19,55,
19,56,
19,57,
19,58,
19,59,
19,60,
19,61,
19,62,
19,63,
19,64,
19,65,
19,66,
19,67,
19,68,
19,69,
19,70,
19,71,
19,72,
19,73,
19,74,
19,75,
19,76,
19,77,
19,78,
19,79,
19,80,
19,81,
19,82,
19,83,
19,84,
19,85,
19,86,
19,87,
19,88,
19,89,
19,90,
19,91,
19,92,
19,93,
19,94,
19,95,
19,96,
19,97,
19,98,
20,1,
20,2,
20,3,
20,4,
20,5,
20,6,
20,7,
20,8,
20,9,
20,10,
20,11,
20,12,
20,13,
20,14,
20,15,
20,16,
20,17,
20,18,
20,19,
20,20,
20,21,
20,22,
20,23,
20,24,
20,25,
20,26,
20,27,
20,28,
20,29,
20,30,
20,31,
20,32,
20,33,
20,34,
20,35,
20,36,
20,37,
20,38,
20,39,
20,40,
20,41,
20,42,
20,43,
20,44,
20,45,
20,46,
20,47,
20,48,
20,49,
20,50,
20,51,
20,52,
20,53,
20,54,
20,55,
20,56,
20,57,
20,58,
20,59,
20,60,
20,61,
20,62,
20,63,
20,64,
20,65,
20,66,
20,67,
20,68,
20,69,
20,70,
20,71,
20,72,
20,73,
20,74,
20,75,
20,76,
20,77,
20,78,
20,79,
20,80,
20,81,
20,82,
20,83,
20,84,
20,85,
20,86,
20,87,
20,88,
20,89,
20,90,
20,91,
20,92,
20,93,
20,94,
20,95,
20,96,
20,97,
20,98,
20,99,
20,100,
20,101,
20,102,
20,103,
20,104,
20,105,
20,106,
20,107,
20,108,
20,109,
20,110,
20,111,
20,112,
20,113,
20,114,
20,115,
20,116,
20,117,
20,118,
20,119,
20,120,
20,121,
20,122,
20,123,
20,124,
20,125,
20,126,
20,127,
20,128,
20,129,
20,130,
20,131,
20,132,
20,133,
20,134,
20,135,
21,1,
21,2,
21,3,
21,4,
21,5,
21,6,
21,7,
21,8,
21,9,
21,10,
21,11,
21,12,
21,13,
21,14,
21,15,
21,16,
21,17,
21,18,
21,19,
21,20,
21,21,
21,22,
21,23,
21,24,
21,25,
21,26,
21,27,
21,28,
21,29,
21,30,
21,31,
21,32,
21,33,
21,34,
21,35,
21,36,
21,37,
21,38,
21,39,
21,40,
21,41,
21,42,
21,43,
21,44,
21,45,
21,46,
21,47,
21,48,
21,49,
21,50,
21,51,
21,52,
21,53,
21,54,
21,55,
21,56,
21,57,
21,58,
21,59,
21,60,
21,61,
21,62,
21,63,
21,64,
21,65,
21,66,
21,67,
21,68,
21,69,
21,70,
21,71,
21,72,
21,73,
21,74,
21,75,
21,76,
21,77,
21,78,
21,79,
21,80,
21,81,
21,82,
21,83,
21,84,
21,85,
21,86,
21,87,
21,88,
21,89,
21,90,
21,91,
21,92,
21,93,
21,94,
21,95,
21,96,
21,97,
21,98,
21,99,
21,100,
21,101,
21,102,
21,103,
21,104,
21,105,
21,106,
21,107,
21,108,
21,109,
21,110,
21,111,
21,112,
22,1,
22,2,
22,3,
22,4,
22,5,
22,6,
22,7,
22,8,
22,9,
22,10,
22,11,
22,12,
22,13,
22,14,
22,15,
22,16,
22,17,
22,18,
22,19,
22,20,
22,21,
22,22,
22,23,
22,24,
22,25,
22,26,
22,27,
22,28,
22,29,
22,30,
22,31,
22,32,
22,33,
22,34,
22,35,
22,36,
22,37,
22,38,
22,39,
22,40,
22,41,
22,42,
22,43,
22,44,
22,45,
22,46,
22,47,
22,48,
22,49,
22,50,
22,51,
22,52,
22,53,
22,54,
22,55,
22,56,
22,57,
22,58,
22,59,
22,60,
22,61,
22,62,
22,63,
22,64,
22,65,
22,66,
22,67,
22,68,
22,69,
22,70,
22,71,
22,72,
22,73,
22,74,
22,75,
22,76,
22,77,
22,78,
23,1,
23,2,
23,3,
23,4,
23,5,
23,6,
23,7,
23,8,
23,9,
23,10,
23,11,
23,12,
23,13,
23,14,
23,15,
23,16,
23,17,
23,18,
23,19,
23,20,
23,21,
23,22,
23,23,
23,24,
23,25,
23,26,
23,27,
23,28,
23,29,
23,30,
23,31,
23,32,
23,33,
23,34,
23,35,
23,36,
23,37,
23,38,
23,39,
23,40,
23,41,
23,42,
23,43,
23,44,
23,45,
23,46,
23,47,
23,48,
23,49,
23,50,
23,51,
23,52,
23,53,
23,54,
23,55,
23,56,
23,57,
23,58,
23,59,
23,60,
23,61,
23,62,
23,63,
23,64,
23,65,
23,66,
23,67,
23,68,
23,69,
23,70,
23,71,
23,72,
23,73,
23,74,
23,75,
23,76,
23,77,
23,78,
23,79,
23,80,
23,81,
23,82,
23,83,
23,84,
23,85,
23,86,
23,87,
23,88,
23,89,
23,90,
23,91,
23,92,
23,93,
23,94,
23,95,
23,96,
23,97,
23,98,
23,99,
23,100,
23,101,
23,102,
23,103,
23,104,
23,105,
23,106,
23,107,
23,108,
23,109,
23,110,
23,111,
23,112,
23,113,
23,114,
23,115,
23,116,
23,117,
23,118,
24,1,
24,2,
24,3,
24,4,
24,5,
24,6,
24,7,
24,8,
24,9,
24,10,
24,11,
24,12,
24,13,
24,14,
24,15,
24,16,
24,17,
24,18,
24,19,
24,20,
24,21,
24,22,
24,23,
24,24,
24,25,
24,26,
24,27,
24,28,
24,29,
24,30,
24,31,
24,32,
24,33,
24,34,
24,35,
24,36,
24,37,
24,38,
24,39,
24,40,
24,41,
24,42,
24,43,
24,44,
24,45,
24,46,
24,47,
24,48,
24,49,
24,50,
24,51,
24,52,
24,53,
24,54,
24,55,
24,56,
24,57,
24,58,
24,59,
24,60,
24,61,
24,62,
24,63,
24,64,
25,1,
25,2,
25,3,
25,4,
25,5,
25,6,
25,7,
25,8,
25,9,
25,10,
25,11,
25,12,
25,13,
25,14,
25,15,
25,16,
25,17,
25,18,
25,19,
25,20,
25,21,
25,22,
25,23,
25,24,
25,25,
25,26,
25,27,
25,28,
25,29,
25,30,
25,31,
25,32,
25,33,
25,34,
25,35,
25,36,
25,37,
25,38,
25,39,
25,40,
25,41,
25,42,
25,43,
25,44,
25,45,
25,46,
25,47,
25,48,
25,49,
25,50,
25,51,
25,52,
25,53,
25,54,
25,55,
25,56,
25,57,
25,58,
25,59,
25,60,
25,61,
25,62,
25,63,
25,64,
25,65,
25,66,
25,67,
25,68,
25,69,
25,70,
25,71,
25,72,
25,73,
25,74,
25,75,
25,76,
25,77,
26,1,
26,2,
26,3,
26,4,
26,5,
26,6,
26,7,
26,8,
26,9,
26,10,
26,11,
26,12,
26,13,
26,14,
26,15,
26,16,
26,17,
26,18,
26,19,
26,20,
26,21,
26,22,
26,23,
26,24,
26,25,
26,26,
26,27,
26,28,
26,29,
26,30,
26,31,
26,32,
26,33,
26,34,
26,35,
26,36,
26,37,
26,38,
26,39,
26,40,
26,41,
26,42,
26,43,
26,44,
26,45,
26,46,
26,47,
26,48,
26,49,
26,50,
26,51,
26,52,
26,53,
26,54,
26,55,
26,56,
26,57,
26,58,
26,59,
26,60,
26,61,
26,62,
26,63,
26,64,
26,65,
26,66,
26,67,
26,68,
26,69,
26,70,
26,71,
26,72,
26,73,
26,74,
26,75,
26,76,
26,77,
26,78,
26,79,
26,80,
26,81,
26,82,
26,83,
26,84,
26,85,
26,86,
26,87,
26,88,
26,89,
26,90,
26,91,
26,92,
26,93,
26,94,
26,95,
26,96,
26,97,
26,98,
26,99,
26,100,
26,101,
26,102,
26,103,
26,104,
26,105,
26,106,
26,107,
26,108,
26,109,
26,110,
26,111,
26,112,
26,113,
26,114,
26,115,
26,116,
26,117,
26,118,
26,119,
26,120,
26,121,
26,122,
26,123,
26,124,
26,125,
26,126,
26,127,
26,128,
26,129,
26,130,
26,131,
26,132,
26,133,
26,134,
26,135,
26,136,
26,137,
26,138,
26,139,
26,140,
26,141,
26,142,
26,143,
26,144,
26,145,
26,146,
26,147,
26,148,
26,149,
26,150,
26,151,
26,152,
26,153,
26,154,
26,155,
26,156,
26,157,
26,158,
26,159,
26,160,
26,161,
26,162,
26,163,
26,164,
26,165,
26,166,
26,167,
26,168,
26,169,
26,170,
26,171,
26,172,
26,173,
26,174,
26,175,
26,176,
26,177,
26,178,
26,179,
26,180,
26,181,
26,182,
26,183,
26,184,
26,185,
26,186,
26,187,
26,188,
26,189,
26,190,
26,191,
26,192,
26,193,
26,194,
26,195,
26,196,
26,197,
26,198,
26,199,
26,200,
26,201,
26,202,
26,203,
26,204,
26,205,
26,206,
26,207,
26,208,
26,209,
26,210,
26,211,
26,212,
26,213,
26,214,
26,215,
26,216,
26,217,
26,218,
26,219,
26,220,
26,221,
26,222,
26,223,
26,224,
26,225,
26,226,
26,227,
27,1,
27,2,
27,3,
27,4,
27,5,
27,6,
27,7,
27,8,
27,9,
27,10,
27,11,
27,12,
27,13,
27,14,
27,15,
27,16,
27,17,
27,18,
27,19,
27,20,
27,21,
27,22,
27,23,
27,24,
27,25,
27,26,
27,27,
27,28,
27,29,
27,30,
27,31,
27,32,
27,33,
27,34,
27,35,
27,36,
27,37,
27,38,
27,39,
27,40,
27,41,
27,42,
27,43,
27,44,
27,45,
27,46,
27,47,
27,48,
27,49,
27,50,
27,51,
27,52,
27,53,
27,54,
27,55,
27,56,
27,57,
27,58,
27,59,
27,60,
27,61,
27,62,
27,63,
27,64,
27,65,
27,66,
27,67,
27,68,
27,69,
27,70,
27,71,
27,72,
27,73,
27,74,
27,75,
27,76,
27,77,
27,78,
27,79,
27,80,
27,81,
27,82,
27,83,
27,84,
27,85,
27,86,
27,87,
27,88,
27,89,
27,90,
27,91,
27,92,
27,93,
28,1,
28,2,
28,3,
28,4,
28,5,
28,6,
28,7,
28,8,
28,9,
28,10,
28,11,
28,12,
28,13,
28,14,
28,15,
28,16,
28,17,
28,18,
28,19,
28,20,
28,21,
28,22,
28,23,
28,24,
28,25,
28,26,
28,27,
28,28,
28,29,
28,30,
28,31,
28,32,
28,33,
28,34,
28,35,
28,36,
28,37,
28,38,
28,39,
28,40,
28,41,
28,42,
28,43,
28,44,
28,45,
28,46,
28,47,
28,48,
28,49,
28,50,
28,51,
28,52,
28,53,
28,54,
28,55,
28,56,
28,57,
28,58,
28,59,
28,60,
28,61,
28,62,
28,63,
28,64,
28,65,
28,66,
28,67,
28,68,
28,69,
28,70,
28,71,
28,72,
28,73,
28,74,
28,75,
28,76,
28,77,
28,78,
28,79,
28,80,
28,81,
28,82,
28,83,
28,84,
28,85,
28,86,
28,87,
28,88,
29,1,
29,2,
29,3,
29,4,
29,5,
29,6,
29,7,
29,8,
29,9,
29,10,
29,11,
29,12,
29,13,
29,14,
29,15,
29,16,
29,17,
29,18,
29,19,
29,20,
29,21,
29,22,
29,23,
29,24,
29,25,
29,26,
29,27,
29,28,
29,29,
29,30,
29,31,
29,32,
29,33,
29,34,
29,35,
29,36,
29,37,
29,38,
29,39,
29,40,
29,41,
29,42,
29,43,
29,44,
29,45,
29,46,
29,47,
29,48,
29,49,
29,50,
29,51,
29,52,
29,53,
29,54,
29,55,
29,56,
29,57,
29,58,
29,59,
29,60,
29,61,
29,62,
29,63,
29,64,
29,65,
29,66,
29,67,
29,68,
29,69,
30,1,
30,2,
30,3,
30,4,
30,5,
30,6,
30,7,
30,8,
30,9,
30,10,
30,11,
30,12,
30,13,
30,14,
30,15,
30,16,
30,17,
30,18,
30,19,
30,20,
30,21,
30,22,
30,23,
30,24,
30,25,
30,26,
30,27,
30,28,
30,29,
30,30,
30,31,
30,32,
30,33,
30,34,
30,35,
30,36,
30,37,
30,38,
30,39,
30,40,
30,41,
30,42,
30,43,
30,44,
30,45,
30,46,
30,47,
30,48,
30,49,
30,50,
30,51,
30,52,
30,53,
30,54,
30,55,
30,56,
30,57,
30,58,
30,59,
30,60,
31,1,
31,2,
31,3,
31,4,
31,5,
31,6,
31,7,
31,8,
31,9,
31,10,
31,11,
31,12,
31,13,
31,14,
31,15,
31,16,
31,17,
31,18,
31,19,
31,20,
31,21,
31,22,
31,23,
31,24,
31,25,
31,26,
31,27,
31,28,
31,29,
31,30,
31,31,
31,32,
31,33,
31,34,
32,1,
32,2,
32,3,
32,4,
32,5,
32,6,
32,7,
32,8,
32,9,
32,10,
32,11,
32,12,
32,13,
32,14,
32,15,
32,16,
32,17,
32,18,
32,19,
32,20,
32,21,
32,22,
32,23,
32,24,
32,25,
32,26,
32,27,
32,28,
32,29,
32,30,
33,1,
33,2,
33,3,
33,4,
33,5,
33,6,
33,7,
33,8,
33,9,
33,10,
33,11,
33,12,
33,13,
33,14,
33,15,
33,16,
33,17,
33,18,
33,19,
33,20,
33,21,
33,22,
33,23,
33,24,
33,25,
33,26,
33,27,
33,28,
33,29,
33,30,
33,31,
33,32,
33,33,
33,34,
33,35,
33,36,
33,37,
33,38,
33,39,
33,40,
33,41,
33,42,
33,43,
33,44,
33,45,
33,46,
33,47,
33,48,
33,49,
33,50,
33,51,
33,52,
33,53,
33,54,
33,55,
33,56,
33,57,
33,58,
33,59,
33,60,
33,61,
33,62,
33,63,
33,64,
33,65,
33,66,
33,67,
33,68,
33,69,
33,70,
33,71,
33,72,
33,73,
34,1,
34,2,
34,3,
34,4,
34,5,
34,6,
34,7,
34,8,
34,9,
34,10,
34,11,
34,12,
34,13,
34,14,
34,15,
34,16,
34,17,
34,18,
34,19,
34,20,
34,21,
34,22,
34,23,
34,24,
34,25,
34,26,
34,27,
34,28,
34,29,
34,30,
34,31,
34,32,
34,33,
34,34,
34,35,
34,36,
34,37,
34,38,
34,39,
34,40,
34,41,
34,42,
34,43,
34,44,
34,45,
34,46,
34,47,
34,48,
34,49,
34,50,
34,51,
34,52,
34,53,
34,54,
35,1,
35,2,
35,3,
35,4,
35,5,
35,6,
35,7,
35,8,
35,9,
35,10,
35,11,
35,12,
35,13,
35,14,
35,15,
35,16,
35,17,
35,18,
35,19,
35,20,
35,21,
35,22,
35,23,
35,24,
35,25,
35,26,
35,27,
35,28,
35,29,
35,30,
35,31,
35,32,
35,33,
35,34,
35,35,
35,36,
35,37,
35,38,
35,39,
35,40,
35,41,
35,42,
35,43,
35,44,
35,45,
36,1,
36,2,
36,3,
36,4,
36,5,
36,6,
36,7,
36,8,
36,9,
36,10,
36,11,
36,12,
36,13,
36,14,
36,15,
36,16,
36,17,
36,18,
36,19,
36,20,
36,21,
36,22,
36,23,
36,24,
36,25,
36,26,
36,27,
36,28,
36,29,
36,30,
36,31,
36,32,
36,33,
36,34,
36,35,
36,36,
36,37,
36,38,
36,39,
36,40,
36,41,
36,42,
36,43,
36,44,
36,45,
36,46,
36,47,
36,48,
36,49,
36,50,
36,51,
36,52,
36,53,
36,54,
36,55,
36,56,
36,57,
36,58,
36,59,
36,60,
36,61,
36,62,
36,63,
36,64,
36,65,
36,66,
36,67,
36,68,
36,69,
36,70,
36,71,
36,72,
36,73,
36,74,
36,75,
36,76,
36,77,
36,78,
36,79,
36,80,
36,81,
36,82,
36,83,
37,1,
37,2,
37,3,
37,4,
37,5,
37,6,
37,7,
37,8,
37,9,
37,10,
37,11,
37,12,
37,13,
37,14,
37,15,
37,16,
37,17,
37,18,
37,19,
37,20,
37,21,
37,22,
37,23,
37,24,
37,25,
37,26,
37,27,
37,28,
37,29,
37,30,
37,31,
37,32,
37,33,
37,34,
37,35,
37,36,
37,37,
37,38,
37,39,
37,40,
37,41,
37,42,
37,43,
37,44,
37,45,
37,46,
37,47,
37,48,
37,49,
37,50,
37,51,
37,52,
37,53,
37,54,
37,55,
37,56,
37,57,
37,58,
37,59,
37,60,
37,61,
37,62,
37,63,
37,64,
37,65,
37,66,
37,67,
37,68,
37,69,
37,70,
37,71,
37,72,
37,73,
37,74,
37,75,
37,76,
37,77,
37,78,
37,79,
37,80,
37,81,
37,82,
37,83,
37,84,
37,85,
37,86,
37,87,
37,88,
37,89,
37,90,
37,91,
37,92,
37,93,
37,94,
37,95,
37,96,
37,97,
37,98,
37,99,
37,100,
37,101,
37,102,
37,103,
37,104,
37,105,
37,106,
37,107,
37,108,
37,109,
37,110,
37,111,
37,112,
37,113,
37,114,
37,115,
37,116,
37,117,
37,118,
37,119,
37,120,
37,121,
37,122,
37,123,
37,124,
37,125,
37,126,
37,127,
37,128,
37,129,
37,130,
37,131,
37,132,
37,133,
37,134,
37,135,
37,136,
37,137,
37,138,
37,139,
37,140,
37,141,
37,142,
37,143,
37,144,
37,145,
37,146,
37,147,
37,148,
37,149,
37,150,
37,151,
37,152,
37,153,
37,154,
37,155,
37,156,
37,157,
37,158,
37,159,
37,160,
37,161,
37,162,
37,163,
37,164,
37,165,
37,166,
37,167,
37,168,
37,169,
37,170,
37,171,
37,172,
37,173,
37,174,
37,175,
37,176,
37,177,
37,178,
37,179,
37,180,
37,181,
37,182,
38,1,
38,2,
38,3,
38,4,
38,5,
38,6,
38,7,
38,8,
38,9,
38,10,
38,11,
38,12,
38,13,
38,14,
38,15,
38,16,
38,17,
38,18,
38,19,
38,20,
38,21,
38,22,
38,23,
38,24,
38,25,
38,26,
38,27,
38,28,
38,29,
38,30,
38,31,
38,32,
38,33,
38,34,
38,35,
38,36,
38,37,
38,38,
38,39,
38,40,
38,41,
38,42,
38,43,
38,44,
38,45,
38,46,
38,47,
38,48,
38,49,
38,50,
38,51,
38,52,
38,53,
38,54,
38,55,
38,56,
38,57,
38,58,
38,59,
38,60,
38,61,
38,62,
38,63,
38,64,
38,65,
38,66,
38,67,
38,68,
38,69,
38,70,
38,71,
38,72,
38,73,
38,74,
38,75,
38,76,
38,77,
38,78,
38,79,
38,80,
38,81,
38,82,
38,83,
38,84,
38,85,
38,86,
38,87,
38,88,
39,1,
39,2,
39,3,
39,4,
39,5,
39,6,
39,7,
39,8,
39,9,
39,10,
39,11,
39,12,
39,13,
39,14,
39,15,
39,16,
39,17,
39,18,
39,19,
39,20,
39,21,
39,22,
39,23,
39,24,
39,25,
39,26,
39,27,
39,28,
39,29,
39,30,
39,31,
39,32,
39,33,
39,34,
39,35,
39,36,
39,37,
39,38,
39,39,
39,40,
39,41,
39,42,
39,43,
39,44,
39,45,
39,46,
39,47,
39,48,
39,49,
39,50,
39,51,
39,52,
39,53,
39,54,
39,55,
39,56,
39,57,
39,58,
39,59,
39,60,
39,61,
39,62,
39,63,
39,64,
39,65,
39,66,
39,67,
39,68,
39,69,
39,70,
39,71,
39,72,
39,73,
39,74,
39,75,
40,1,
40,2,
40,3,
40,4,
40,5,
40,6,
40,7,
40,8,
40,9,
40,10,
40,11,
40,12,
40,13,
40,14,
40,15,
40,16,
40,17,
40,18,
40,19,
40,20,
40,21,
40,22,
40,23,
40,24,
40,25,
40,26,
40,27,
40,28,
40,29,
40,30,
40,31,
40,32,
40,33,
40,34,
40,35,
40,36,
40,37,
40,38,
40,39,
40,40,
40,41,
40,42,
40,43,
40,44,
40,45,
40,46,
40,47,
40,48,
40,49,
40,50,
40,51,
40,52,
40,53,
40,54,
40,55,
40,56,
40,57,
40,58,
40,59,
40,60,
40,61,
40,62,
40,63,
40,64,
40,65,
40,66,
40,67,
40,68,
40,69,
40,70,
40,71,
40,72,
40,73,
40,74,
40,75,
40,76,
40,77,
40,78,
40,79,
40,80,
40,81,
40,82,
40,83,
40,84,
40,85,
41,1,
41,2,
41,3,
41,4,
41,5,
41,6,
41,7,
41,8,
41,9,
41,10,
41,11,
41,12,
41,13,
41,14,
41,15,
41,16,
41,17,
41,18,
41,19,
41,20,
41,21,
41,22,
41,23,
41,24,
41,25,
41,26,
41,27,
41,28,
41,29,
41,30,
41,31,
41,32,
41,33,
41,34,
41,35,
41,36,
41,37,
41,38,
41,39,
41,40,
41,41,
41,42,
41,43,
41,44,
41,45,
41,46,
41,47,
41,48,
41,49,
41,50,
41,51,
41,52,
41,53,
41,54,
42,1,
42,2,
42,3,
42,4,
42,5,
42,6,
42,7,
42,8,
42,9,
42,10,
42,11,
42,12,
42,13,
42,14,
42,15,
42,16,
42,17,
42,18,
42,19,
42,20,
42,21,
42,22,
42,23,
42,24,
42,25,
42,26,
42,27,
42,28,
42,29,
42,30,
42,31,
42,32,
42,33,
42,34,
42,35,
42,36,
42,37,
42,38,
42,39,
42,40,
42,41,
42,42,
42,43,
42,44,
42,45,
42,46,
42,47,
42,48,
42,49,
42,50,
42,51,
42,52,
42,53,
43,1,
43,2,
43,3,
43,4,
43,5,
43,6,
43,7,
43,8,
43,9,
43,10,
43,11,
43,12,
43,13,
43,14,
43,15,
43,16,
43,17,
43,18,
43,19,
43,20,
43,21,
43,22,
43,23,
43,24,
43,25,
43,26,
43,27,
43,28,
43,29,
43,30,
43,31,
43,32,
43,33,
43,34,
43,35,
43,36,
43,37,
43,38,
43,39,
43,40,
43,41,
43,42,
43,43,
43,44,
43,45,
43,46,
43,47,
43,48,
43,49,
43,50,
43,51,
43,52,
43,53,
43,54,
43,55,
43,56,
43,57,
43,58,
43,59,
43,60,
43,61,
43,62,
43,63,
43,64,
43,65,
43,66,
43,67,
43,68,
43,69,
43,70,
43,71,
43,72,
43,73,
43,74,
43,75,
43,76,
43,77,
43,78,
43,79,
43,80,
43,81,
43,82,
43,83,
43,84,
43,85,
43,86,
43,87,
43,88,
43,89,
44,1,
44,2,
44,3,
44,4,
44,5,
44,6,
44,7,
44,8,
44,9,
44,10,
44,11,
44,12,
44,13,
44,14,
44,15,
44,16,
44,17,
44,18,
44,19,
44,20,
44,21,
44,22,
44,23,
44,24,
44,25,
44,26,
44,27,
44,28,
44,29,
44,30,
44,31,
44,32,
44,33,
44,34,
44,35,
44,36,
44,37,
44,38,
44,39,
44,40,
44,41,
44,42,
44,43,
44,44,
44,45,
44,46,
44,47,
44,48,
44,49,
44,50,
44,51,
44,52,
44,53,
44,54,
44,55,
44,56,
44,57,
44,58,
44,59,
45,1,
45,2,
45,3,
45,4,
45,5,
45,6,
45,7,
45,8,
45,9,
45,10,
45,11,
45,12,
45,13,
45,14,
45,15,
45,16,
45,17,
45,18,
45,19,
45,20,
45,21,
45,22,
45,23,
45,24,
45,25,
45,26,
45,27,
45,28,
45,29,
45,30,
45,31,
45,32,
45,33,
45,34,
45,35,
45,36,
45,37,
46,1,
46,2,
46,3,
46,4,
46,5,
46,6,
46,7,
46,8,
46,9,
46,10,
46,11,
46,12,
46,13,
46,14,
46,15,
46,16,
46,17,
46,18,
46,19,
46,20,
46,21,
46,22,
46,23,
46,24,
46,25,
46,26,
46,27,
46,28,
46,29,
46,30,
46,31,
46,32,
46,33,
46,34,
46,35,
47,1,
47,2,
47,3,
47,4,
47,5,
47,6,
47,7,
47,8,
47,9,
47,10,
47,11,
47,12,
47,13,
47,14,
47,15,
47,16,
47,17,
47,18,
47,19,
47,20,
47,21,
47,22,
47,23,
47,24,
47,25,
47,26,
47,27,
47,28,
47,29,
47,30,
47,31,
47,32,
47,33,
47,34,
47,35,
47,36,
47,37,
47,38,
48,1,
48,2,
48,3,
48,4,
48,5,
48,6,
48,7,
48,8,
48,9,
48,10,
48,11,
48,12,
48,13,
48,14,
48,15,
48,16,
48,17,
48,18,
48,19,
48,20,
48,21,
48,22,
48,23,
48,24,
48,25,
48,26,
48,27,
48,28,
48,29,
49,1,
49,2,
49,3,
49,4,
49,5,
49,6,
49,7,
49,8,
49,9,
49,10,
49,11,
49,12,
49,13,
49,14,
49,15,
49,16,
49,17,
49,18,
50,1,
50,2,
50,3,
50,4,
50,5,
50,6,
50,7,
50,8,
50,9,
50,10,
50,11,
50,12,
50,13,
50,14,
50,15,
50,16,
50,17,
50,18,
50,19,
50,20,
50,21,
50,22,
50,23,
50,24,
50,25,
50,26,
50,27,
50,28,
50,29,
50,30,
50,31,
50,32,
50,33,
50,34,
50,35,
50,36,
50,37,
50,38,
50,39,
50,40,
50,41,
50,42,
50,43,
50,44,
50,45,
51,1,
51,2,
51,3,
51,4,
51,5,
51,6,
51,7,
51,8,
51,9,
51,10,
51,11,
51,12,
51,13,
51,14,
51,15,
51,16,
51,17,
51,18,
51,19,
51,20,
51,21,
51,22,
51,23,
51,24,
51,25,
51,26,
51,27,
51,28,
51,29,
51,30,
51,31,
51,32,
51,33,
51,34,
51,35,
51,36,
51,37,
51,38,
51,39,
51,40,
51,41,
51,42,
51,43,
51,44,
51,45,
51,46,
51,47,
51,48,
51,49,
51,50,
51,51,
51,52,
51,53,
51,54,
51,55,
51,56,
51,57,
51,58,
51,59,
51,60,
52,1,
52,2,
52,3,
52,4,
52,5,
52,6,
52,7,
52,8,
52,9,
52,10,
52,11,
52,12,
52,13,
52,14,
52,15,
52,16,
52,17,
52,18,
52,19,
52,20,
52,21,
52,22,
52,23,
52,24,
52,25,
52,26,
52,27,
52,28,
52,29,
52,30,
52,31,
52,32,
52,33,
52,34,
52,35,
52,36,
52,37,
52,38,
52,39,
52,40,
52,41,
52,42,
52,43,
52,44,
52,45,
52,46,
52,47,
52,48,
52,49,
53,1,
53,2,
53,3,
53,4,
53,5,
53,6,
53,7,
53,8,
53,9,
53,10,
53,11,
53,12,
53,13,
53,14,
53,15,
53,16,
53,17,
53,18,
53,19,
53,20,
53,21,
53,22,
53,23,
53,24,
53,25,
53,26,
53,27,
53,28,
53,29,
53,30,
53,31,
53,32,
53,33,
53,34,
53,35,
53,36,
53,37,
53,38,
53,39,
53,40,
53,41,
53,42,
53,43,
53,44,
53,45,
53,46,
53,47,
53,48,
53,49,
53,50,
53,51,
53,52,
53,53,
53,54,
53,55,
53,56,
53,57,
53,58,
53,59,
53,60,
53,61,
53,62,
54,1,
54,2,
54,3,
54,4,
54,5,
54,6,
54,7,
54,8,
54,9,
54,10,
54,11,
54,12,
54,13,
54,14,
54,15,
54,16,
54,17,
54,18,
54,19,
54,20,
54,21,
54,22,
54,23,
54,24,
54,25,
54,26,
54,27,
54,28,
54,29,
54,30,
54,31,
54,32,
54,33,
54,34,
54,35,
54,36,
54,37,
54,38,
54,39,
54,40,
54,41,
54,42,
54,43,
54,44,
54,45,
54,46,
54,47,
54,48,
54,49,
54,50,
54,51,
54,52,
54,53,
54,54,
54,55,
55,1,
55,2,
55,3,
55,4,
55,5,
55,6,
55,7,
55,8,
55,9,
55,10,
55,11,
55,12,
55,13,
55,14,
55,15,
55,16,
55,17,
55,18,
55,19,
55,20,
55,21,
55,22,
55,23,
55,24,
55,25,
55,26,
55,27,
55,28,
55,29,
55,30,
55,31,
55,32,
55,33,
55,34,
55,35,
55,36,
55,37,
55,38,
55,39,
55,40,
55,41,
55,42,
55,43,
55,44,
55,45,
55,46,
55,47,
55,48,
55,49,
55,50,
55,51,
55,52,
55,53,
55,54,
55,55,
55,56,
55,57,
55,58,
55,59,
55,60,
55,61,
55,62,
55,63,
55,64,
55,65,
55,66,
55,67,
55,68,
55,69,
55,70,
55,71,
55,72,
55,73,
55,74,
55,75,
55,76,
55,77,
55,78,
56,1,
56,2,
56,3,
56,4,
56,5,
56,6,
56,7,
56,8,
56,9,
56,10,
56,11,
56,12,
56,13,
56,14,
56,15,
56,16,
56,17,
56,18,
56,19,
56,20,
56,21,
56,22,
56,23,
56,24,
56,25,
56,26,
56,27,
56,28,
56,29,
56,30,
56,31,
56,32,
56,33,
56,34,
56,35,
56,36,
56,37,
56,38,
56,39,
56,40,
56,41,
56,42,
56,43,
56,44,
56,45,
56,46,
56,47,
56,48,
56,49,
56,50,
56,51,
56,52,
56,53,
56,54,
56,55,
56,56,
56,57,
56,58,
56,59,
56,60,
56,61,
56,62,
56,63,
56,64,
56,65,
56,66,
56,67,
56,68,
56,69,
56,70,
56,71,
56,72,
56,73,
56,74,
56,75,
56,76,
56,77,
56,78,
56,79,
56,80,
56,81,
56,82,
56,83,
56,84,
56,85,
56,86,
56,87,
56,88,
56,89,
56,90,
56,91,
56,92,
56,93,
56,94,
56,95,
56,96,
57,1,
57,2,
57,3,
57,4,
57,5,
57,6,
57,7,
57,8,
57,9,
57,10,
57,11,
57,12,
57,13,
57,14,
57,15,
57,16,
57,17,
57,18,
57,19,
57,20,
57,21,
57,22,
57,23,
57,24,
57,25,
57,26,
57,27,
57,28,
57,29,
58,1,
58,2,
58,3,
58,4,
58,5,
58,6,
58,7,
58,8,
58,9,
58,10,
58,11,
58,12,
58,13,
58,14,
58,15,
58,16,
58,17,
58,18,
58,19,
58,20,
58,21,
58,22,
59,1,
59,2,
59,3,
59,4,
59,5,
59,6,
59,7,
59,8,
59,9,
59,10,
59,11,
59,12,
59,13,
59,14,
59,15,
59,16,
59,17,
59,18,
59,19,
59,20,
59,21,
59,22,
59,23,
59,24,
60,1,
60,2,
60,3,
60,4,
60,5,
60,6,
60,7,
60,8,
60,9,
60,10,
60,11,
60,12,
60,13,
61,1,
61,2,
61,3,
61,4,
61,5,
61,6,
61,7,
61,8,
61,9,
61,10,
61,11,
61,12,
61,13,
61,14,
62,1,
62,2,
62,3,
62,4,
62,5,
62,6,
62,7,
62,8,
62,9,
62,10,
62,11,
63,1,
63,2,
63,3,
63,4,
63,5,
63,6,
63,7,
63,8,
63,9,
63,10,
63,11,
64,1,
64,2,
64,3,
64,4,
64,5,
64,6,
64,7,
64,8,
64,9,
64,10,
64,11,
64,12,
64,13,
64,14,
64,15,
64,16,
64,17,
64,18,
65,1,
65,2,
65,3,
65,4,
65,5,
65,6,
65,7,
65,8,
65,9,
65,10,
65,11,
65,12,
66,1,
66,2,
66,3,
66,4,
66,5,
66,6,
66,7,
66,8,
66,9,
66,10,
66,11,
66,12,
67,1,
67,2,
67,3,
67,4,
67,5,
67,6,
67,7,
67,8,
67,9,
67,10,
67,11,
67,12,
67,13,
67,14,
67,15,
67,16,
67,17,
67,18,
67,19,
67,20,
67,21,
67,22,
67,23,
67,24,
67,25,
67,26,
67,27,
67,28,
67,29,
67,30,
68,1,
68,2,
68,3,
68,4,
68,5,
68,6,
68,7,
68,8,
68,9,
68,10,
68,11,
68,12,
68,13,
68,14,
68,15,
68,16,
68,17,
68,18,
68,19,
68,20,
68,21,
68,22,
68,23,
68,24,
68,25,
68,26,
68,27,
68,28,
68,29,
68,30,
68,31,
68,32,
68,33,
68,34,
68,35,
68,36,
68,37,
68,38,
68,39,
68,40,
68,41,
68,42,
68,43,
68,44,
68,45,
68,46,
68,47,
68,48,
68,49,
68,50,
68,51,
68,52,
69,1,
69,2,
69,3,
69,4,
69,5,
69,6,
69,7,
69,8,
69,9,
69,10,
69,11,
69,12,
69,13,
69,14,
69,15,
69,16,
69,17,
69,18,
69,19,
69,20,
69,21,
69,22,
69,23,
69,24,
69,25,
69,26,
69,27,
69,28,
69,29,
69,30,
69,31,
69,32,
69,33,
69,34,
69,35,
69,36,
69,37,
69,38,
69,39,
69,40,
69,41,
69,42,
69,43,
69,44,
69,45,
69,46,
69,47,
69,48,
69,49,
69,50,
69,51,
69,52,
70,1,
70,2,
70,3,
70,4,
70,5,
70,6,
70,7,
70,8,
70,9,
70,10,
70,11,
70,12,
70,13,
70,14,
70,15,
70,16,
70,17,
70,18,
70,19,
70,20,
70,21,
70,22,
70,23,
70,24,
70,25,
70,26,
70,27,
70,28,
70,29,
70,30,
70,31,
70,32,
70,33,
70,34,
70,35,
70,36,
70,37,
70,38,
70,39,
70,40,
70,41,
70,42,
70,43,
70,44,
71,1,
71,2,
71,3,
71,4,
71,5,
71,6,
71,7,
71,8,
71,9,
71,10,
71,11,
71,12,
71,13,
71,14,
71,15,
71,16,
71,17,
71,18,
71,19,
71,20,
71,21,
71,22,
71,23,
71,24,
71,25,
71,26,
71,27,
71,28,
72,1,
72,2,
72,3,
72,4,
72,5,
72,6,
72,7,
72,8,
72,9,
72,10,
72,11,
72,12,
72,13,
72,14,
72,15,
72,16,
72,17,
72,18,
72,19,
72,20,
72,21,
72,22,
72,23,
72,24,
72,25,
72,26,
72,27,
72,28,
73,1,
73,2,
73,3,
73,4,
73,5,
73,6,
73,7,
73,8,
73,9,
73,10,
73,11,
73,12,
73,13,
73,14,
73,15,
73,16,
73,17,
73,18,
73,19,
73,20,
74,1,
74,2,
74,3,
74,4,
74,5,
74,6,
74,7,
74,8,
74,9,
74,10,
74,11,
74,12,
74,13,
74,14,
74,15,
74,16,
74,17,
74,18,
74,19,
74,20,
74,21,
74,22,
74,23,
74,24,
74,25,
74,26,
74,27,
74,28,
74,29,
74,30,
74,31,
74,32,
74,33,
74,34,
74,35,
74,36,
74,37,
74,38,
74,39,
74,40,
74,41,
74,42,
74,43,
74,44,
74,45,
74,46,
74,47,
74,48,
74,49,
74,50,
74,51,
74,52,
74,53,
74,54,
74,55,
74,56,
75,1,
75,2,
75,3,
75,4,
75,5,
75,6,
75,7,
75,8,
75,9,
75,10,
75,11,
75,12,
75,13,
75,14,
75,15,
75,16,
75,17,
75,18,
75,19,
75,20,
75,21,
75,22,
75,23,
75,24,
75,25,
75,26,
75,27,
75,28,
75,29,
75,30,
75,31,
75,32,
75,33,
75,34,
75,35,
75,36,
75,37,
75,38,
75,39,
75,40,
76,1,
76,2,
76,3,
76,4,
76,5,
76,6,
76,7,
76,8,
76,9,
76,10,
76,11,
76,12,
76,13,
76,14,
76,15,
76,16,
76,17,
76,18,
76,19,
76,20,
76,21,
76,22,
76,23,
76,24,
76,25,
76,26,
76,27,
76,28,
76,29,
76,30,
76,31,
77,1,
77,2,
77,3,
77,4,
77,5,
77,6,
77,7,
77,8,
77,9,
77,10,
77,11,
77,12,
77,13,
77,14,
77,15,
77,16,
77,17,
77,18,
77,19,
77,20,
77,21,
77,22,
77,23,
77,24,
77,25,
77,26,
77,27,
77,28,
77,29,
77,30,
77,31,
77,32,
77,33,
77,34,
77,35,
77,36,
77,37,
77,38,
77,39,
77,40,
77,41,
77,42,
77,43,
77,44,
77,45,
77,46,
77,47,
77,48,
77,49,
77,50,
78,1,?de?b?n ho na w?bisa-bisa w?n ho no?
78,2,"?fa kase?-b? k?se? no ho,"
78,3,?no a w?b? w?n ho abira w? ho no.
78,4,"?w?m, ?nnky? biara w?b?ba ab?hunu."
78,5,"Afei, bio ?nnky? biara w?b?ba ab?hunu."
78,6,"Ana Y?nny?? asaase no mpa,"
78,7,?ne mmep? no mmob?mu?
78,8,"Na Y?ab? mo mmienu mmienu,"
78,9,"Na Y?ay? mo nna ama ahomegye?,"
78,10,"Na Y?ay? anadwo te s? nkataso?,"
78,11,Na Y?ay? adekye? ama ak?n-homab?.
78,12,Na Y?asi ?soro ahoro? nson a ?y? den w? mo so;
78,13,Na Y?ay? awia no kanea a ?hyer?n.
78,14,"Na Y?dwiri firi mmurunkum a ?sos? no mu, nsuo a ehwie gu y??,"
78,15,Ama Y?nam so ayiyi aba ne afifide? apuiepuie.
78,16,?ne aturo ahoro? a anyini kuhaa.
78,17,"Esi pi s?, Atemmuo Da no w? ber? aw?ahy? ato h?"
78,18,?danoa w?b?hy?n totrob?nto no; na mob?ba s? ?d?m a ?d?m di akyire.
78,19,"Na w?b?bue ?soro no, na ab?y? abobo? nkoaa."
78,20,Na w?b?ma mmep? no anante na ab?y? te s? aniso-yerae? ade?.
78,21,"Esi pi s?, Amanehunu-Gya no ad?m,"
78,22,"?b?y? tenabea ama ad?ny?fo? no,"
78,23,A w?b?tena h? mmer? santene mu.
78,24,"W?nnka nwunu-nwunu anaa anomde? biara nnhw?,"
78,25,Gyes? nsuo a ?rehuru hyee-hyeehye anaas? asuk?kyeaa yurukukuo.
78,26,?y? akatua a ?fata.
78,27,"Esi pi s? na w?nnsuro nkontabuo no,"
78,28,Na w?poo Y?n Ns?nkyer?nne? ahoro? no koraa.
78,29,Na Y?atwer? biribiara w? Nwoma bi mu.
78,30,‘Enti mons? asotwe no nhw?: Y?n-nto biribiara mu mma mo ka ateete?.’
78,31,"Esi pi s?, nkunimdie w? h? ma ateneneefo? no:"
78,32,"Aturo a w?agye ho ban ne bobe-mma,"
78,33,"?ne mmabaawa mmaabun a w?n mfie y? p?,"
78,34,?ne nkuruwa a ay? ma abu so?.
78,35,W?nnte kasa-hunu w? mu anaa nkontompo biara:
78,36,Akatua a efiri w’Awurade h? -aky?de? bi a w?de toto won nnwuma ho
78,37,"?soro ahoro? neasaase Awurade, ?ne de? ?w? ne mmienu nt?m no, ?dom-fo? no. W?nni ho kwan s? w?kasa kyer? No."
78,38,"?da no a Honhom no ne soro-ab?fo? no b?gyina w? santene mu no, w?nnkasa, gyes? obi a ?domfo? Nyankopon b?ma no kwan, na de? ?tene nkoaa na ?b?ka no."
78,39,"Saa da no si pi s? ?b?ba. Enti obi a ?p? no, ma ?nhwehw? kwan nk? n'Awurade h?."
78,40,"Nokor?, Y?ab? mo k?k? afa asotwe a ?b?n no ho; ?da no a onipa b?hunu de? ne nsa de adi n’anim kan no, na otiafo? no b?ka s?, ‘?kaa me nko na anka mey? mfuturo k?k?!’"
79,1,"Meka nkur?fo? a w?wura ase?, na w?twe ade? ase na w?twetwe a w?n botae? ne s? ?b?mmem."
79,2,"Na Meka nkur?fo? a w?k? nt?mt?m fa amantam mu,"
79,3,"Na Meka nkur?fo? a w?tu kwan tenten aho?hare mu fa ?po ak?se? so,"
79,4,"Na Meka nkur?fo? a w?ne w?n ho di asie hwehw? nniso?,"
79,5,"Na Meka nkur?fo? a w?y? ntotoe? na w?y? w?n nnwuma yie,"
79,6,"Wei b?si ?da no a asaase a ?woso? no b?woso? no,"
79,7,Na awoso? a ?t? so mmienu b?di n’akyi.
79,8,"Saa da no akoma b?woso,"
79,9,Na w?n ani b?sisi ase -
79,10,"W?ka s?, ‘So w?b?san de y?n ak? y?n kane tebea no mu ampa?"
79,11,‘?de?b?n! ber? a y?ay? nkas?? a apor? mpo no?’
79,12,"W?ka s?, ‘?nne?, ?no b?y? br?guo nsankyire.’"
79,13,"?b?y? nteamu baako p?,"
79,14,Na hw?! w?nom nyinaa b?firi mu aba petee mu.
79,15,Ana Mose abak?s?m no aduru wo h??
79,16,"Ber? a n’Awurade fr?? no w? B?n-hwa kronkron Tuwaa h?, kaa s?,"
79,17,“K? Farao h?; wate atua.
79,18,"“Na ka kyer? no s?, ‘Ana wob?p? s? wonya ahote??"
79,19,‘Na m?kyer? wo kwan ak? w’Awurade h? ama wasuro No.’”
79,20,"Enti ?kyer?? no Ns?nkyer?nne? k?se? no,"
79,21,Nanso ?poo no na ?y?? asobrakye?.
79,22,Afei ?danee ne ho firii Mose ho b?? mm?den tiaa no.
79,23,"Na ?boaboaa ne nkurofoo ano na ?ka too dwa,"
79,24,"Na ?kaa s?, ‘Mene mo Awurade, ?sorosoroni no.’"
79,25,Enti Allah s?? ne mu maa no Daankwamma asotwe ne seisei wiase de? no.
79,26,Emu na adesua a esi pie w? ma nea ?suro.
79,27,Ana mo mm?e? na ?y? den paa anaas? ?soro no a Wasi no?
79,28,Wama ne soro-k? so tententen na ?wiee no p?-y?.
79,29,"Na Way? n’anadwo no esum a ?kata ade? so?, na ?yi n’an?pa firi mu;"
79,30,"?ne asaase no ka ho, na Water?ter? mu."
79,31,"?yi ne nsuo firi mu, ne ne nwura adidibea,"
79,32,"Na mmep? no, ?tintimii w?n den-denden."
79,33,Wei nyinaa y? ahiade? ma mo ne mo nt?te-mmoa.
79,34,"Nanso ber? a atower?nky?m k?se? no b?ba no,"
79,35,"?da no a onipa b?kaekae de? ?dii ho aperedie nyinaa no,"
79,36,Na Amanehunu-Gya no b?da adi ama nea ?hunu.
79,37,"?nne?, obi a ?te atua no,"
79,38,"Na ?sam yi ewiase asetena yi de?,"
79,39,"Amanehunu-Gya no, esi pi s?, ?b?y? ne fie."
79,40,"Nanso obi a ?suro s? ?b?gyina n’Awurade anim, na ?b?kame ne kra afiri ak?nn? b?ne ho no de?,"
79,41,"Esi pi s?, Aheman Turo no na ?b?y? ne fie."
79,42,"W?bisa wo fa D?nhwere no ho s?, ‘Ber? b?n na ?b?ba?’"
79,43,Nanso ?de?n na wow? y? w? ne nkaekae ho?
79,44,?ho nimdi? a ?twa to? no da w’Awurade no so.
79,45,Woy? ?k?k?b?ni de ma obi a ?suro nkoaa.
79,46,"?da no a w?b?hunu no, wob?te nka te s? de? w?anntena ewiase mu gyes? emu anwummer? anaas? n’an?pa bi."
80,1,"?munae na ?danee ne ho k?? nky?n,"
80,2,Efiris? onifurani no baa ne h?.
80,3,"Na ?de?n na ?b?ma wahunu s? ebia ?rehwehw? s? ?b?te ne ho,"
80,4,Anaas? ?b?y? ahw?yie na Nkaekae? no ay? no mfaso??
80,5,Na nea ?y? nt?n na ?mmu hwee no.
80,6,"?no na wo ma no otie,"
80,7,Nanso s? ?b?nya ahote? no nny? asodie a ?da wo so?.
80,8,"Mmom nea ?de aho?hare ba wo h? no,"
80,9,"Na ?suro Nyankopon no,"
80,10,Na wo de? wabu w’ani agu ne so.
80,11,"Dabi, esi pi s?, ?y? Nkaekae? -"
80,12,Enti ma nea ?p? ny? ho ahw?yie -
80,13,?wo animuonyam nwoma t?ter?? so.
80,14,"W?akr?n no, ate ho,"
80,15,W? atwer?fo? nsa mu.
80,16,"W?nom a woy? animuonyamfo?, ateneneefo?."
80,17,?s?e? nka onipa no! s?de? way? boniay?fo? nti!
80,18,?de?n mu na ?b?? no firii??
80,19,Firi awo?-nsuo ko mu! ?b?? no na ?hy?? no agyinae? su;
80,20,"Afei ?y?? kwan no mmer? maa no,"
80,21,Afei ?ma no wu na Wama no damena;
80,22,"Afei, ber? a ?p? no, ?b?nyane no bio."
80,23,Dabi! ?nnya nny?? de? ?hy?? no s? ?ny? no.
80,24,Enti ma onipa nhw? n’aduane
80,25,"S?de? Y?si hwie nsuo mmuso?,"
80,26,Afei Y?pae asaase no mu - pae no yie
80,27,"Afei Y?ma aba nyini w? mu,"
80,28,"?ne bobe ne nnuadewa,"
80,29,?ne ‘z?ituun’ ngo dua ne nkyiresua-mma dua.
80,30,"?ne aturo a w?agye ho ban a w?adua ama emu api,"
80,31,?ne nnuaba ne nhahan momono.
80,32,Ey? mo ahiade? ne mo nt?te-mmoa ahiade?.
80,33,"Na ber? a nteamu a esi aso no b?ba no,"
80,34,"Saa da no na onipa b?dwane afiri ne nua ho,"
80,35,"?ne ne maame ne ne papa ho,"
80,36,"?ne ne yere ne ne mma-mmarima ho,"
80,37,"W?n mu onipa biara, saa da no, b?nya ns?m dodo a ?mma no nnya ate-mu nnhw? afoforo."
80,38,"Saa da no, anim binom b?hyer?n,"
80,39,"Asere, Anigye? mu!"
80,40,"Na anim binom nso, saa da no, b?nya mfuturo w? so,"
80,41,Esum b?kata w?n so.
80,42,W?nom ne nkur?fo? a w?tiaae? na w?y? atirimu?denfo? no.
81,1,"Ber? a w?b?dura awia no ho,"
81,2,"?ne ber? a nsoroma b?sie no,"
81,3,"?ne ber? a w?b?ma mmep? anante? no,"
81,4,"?ne ber? a w?b?gya yoma abere? a w?nyem bosome du h? no,"
81,5,"?ne ber? a w?b?boaboa mmoa-b?yaafo? ano w? faako no,"
81,6,"?ne ber? a w?b?ma ?po-tam ahoro? atene abob? mu no,"
81,7,"?ne ber? a w?de nnipa ahoro? b?ba faako no,"
81,8,"?ne ber? a ab?fra-abaayewa a w?asie no amono no w?b?bisa ?ho as?m no,"
81,9,‘?de?n b?ne nti na w?kum no?’
81,10,"?ne ber? a nwoma ahoro? b?b? apete amansan so no,"
81,11,"?ne ber? a w?b?ma ?soro ada mpan no,"
81,12,"?ne ber? a w?b?ma Egya no ayer? ak? soro no,"
81,13,"?ne ber? a w?de Turo no b?b?n no,"
81,14,?no na ?kra biara b?hunu de? ?de ab?di n’anim no.
81,15,"Na Mefr? nsaase-tam ahoro? a ?sen-s?n h? na ?dwom no adanse?,"
81,16,Monk? so na afei monsie.
81,17,"Na Mefr? adesae? ber? a ?b?sene twa mu no adanse?,"
81,18,"?ne ahomakye ber? a ?hy? ase? home no,"
81,19,"S?, esi pi s?, wei y? adiyis?m a ?baa ?somafo? nimuonyamfo? no so,"
81,20,"Tumi-Difo?, w?atintim no w? Ahen-nwa Awurade no anim,"
81,21,"W?y? sotie ma no, na way? nokwafo? ama asodie no."
81,22,Na mo adamfo no mm?? dam.
81,23,Na esi pi s? ?hunuu No w? ewiem animute? mu.
81,24,Na ?nny? p?p?? w? asie-s?m ho.
81,25,Nanso wei nny? Satan a w?apo no as?m.
81,26,?nne? na ?hene-fa na morek? yi?
81,27,"?nny? hwee s? ?y? Nkaekae? ma ewiase nyinaa,"
81,28,"?w? h? ma mo mu nkur?fo? a w?p? s? w?tene,"
81,29,"Na mma mommp? ade? biara gyes? Allah, ewiase nyinaa Awurade no ap? ansa."
82,1,"Ber? a ?soro mu b?pae no,"
82,2,"?ne ber? a nsoroma b?pete no,"
82,3,"?ne ber? aw?b?ma nsutene atene afa nsu-ka mu no,"
82,4,"?ne ber? a w?b?buebue adamena so no,"
82,5,"?kra biara b?hunu de? ?de adi n’anim, ?ne de? wagya no akyire no."
82,6,"O onipa, ?de?n na ama wo akoko?-duro atia w’Awurade ?d??fo? no,"
82,7,"?no a ?b?? wo, na afei ?wiee wo p?-y? no na afei ?hy?? wo agyinae? a ?tene no?"
82,8,W? honam-su biara a ?p? mu na ?nwonoo wo?.
82,9,"Nanso, mopo Atemmuo no."
82,10,Nanso ahw?sofo? a w?hw? mo so w? h?
82,11,"Atwer?fo? animuonyamfo?,"
82,12,A w?nim de? moy? nyinaa.
82,13,"Nokor?, papay?fo? no b?tena ani-gye? mu;"
82,14,Na esi pi s? atirimu?denfo? no b?w? Amanehunu-Gya no mu;
82,15,W?b?hye w?n w? mu w? Atemmu Da;
82,16,Na w?nntumi nnwane mmfiri mu.
82,17,Na ?de?n na ?b?ma wahunu s?de? Atemmu Da no si te?!
82,18,"Bio, ?de?n na ?b?ma wahunu s?de? Atemmu Da no si te?!"
82,19,"?da no a ?kra biara nnya tumi bi nny? biribi mma ?kra bi no! Na ahy?de? no, saa da no, b?y? Allah dea."
83,1,Nnome nka nkur?fo? a w?de ade? nsusui? a ?so te? ma;
83,2,Nkur?fo? a s? w?regye nsusui? ade? afiri nnipa nkae? no h? a w?gye no ma;
83,3,Na s? w?de nsusui? ade? bi rema ebinom anaas? w?rekari ama w?n a w?te so ma no to sini ma w?n.
83,4,Ana saa nkur?fo? yi nnim s? w?b?nyane w?n aba nkwa mu bio
83,5,"Aba ?da huuhuuhu no mu,"
83,6,?da no a adasamma nyinaa b?gyina ewiase nyinaa Awurade no anim no?
83,7,Dabida! atirimu?denfo? no nwoma w? Sigygyiin mu.
83,8,Na ?de?b?n na ?b?ma wahunu s?de? Sigygyiin si te??
83,9,?y? Nwoma bi a w?atwer? biribiara w? mu.
83,10,"Nnome nka nkur?fo? a w?po nokor? no, saa da no,"
83,11,Nkur?fo? no a w?po Atemmu Da no.
83,12,"Na obiara mmpo, gyes? ?deb?ney?ni omumuy?ni biara,"
83,13,"?no a, s? w?kenkan Y?n Ns?n-kyer?nne? kyer? no a, ?ka s?: ‘Tete adankoma-s?m! ’"
83,14,"Dabi, mmom de? w?ay? anya no na ad?re w?n akoma nkannare."
83,15,"Dabida, esi pi s?, w?b?si w?n kwan afiri s? wab?hunu w?n Awurade w? saa da no."
83,16,"Afei, ?y? ampa s?, w?b?hye w? Amanehunu-Gya no mu,"
83,17,"Afei, w?b?ka akyer? wan s?, ‘Wei ne de? na mopo? no.’"
83,18,"Nanso, esi pi s? ateneneefo? no nwoma no w? ‘Illiyyiin mu."
83,19,Na ?de?n na ?b?ma wahunu ade kor? a ‘Illiyyuun y??
83,20,?y? Nwoma bi a w?atwer? biribiara wo mu.
83,21,W?nom a Onyankopan asa mu ayi w?n no b?di ?ho adanse?.
83,22,"Esi pi s? apapay?fo? no b?wa ani-gye? mu,"
83,23,"W?tete abremp?n nnwa so, a w?re-hw?."
83,24,Wob?hunu anigye? no nhye-r?nne? w? w?n anim.
83,25,"W?b?ma w?n anomnne? a ?ho te? na w?atare ano anom,"
83,26,De? w?de atare ano no b?y? ahwanhwanne? - na wei na ma ap?bianyafo? no mpere nhwehw? 
83,27,"Na w?de Tasniim nsuo na ?b?fra mu,"
83,28,Asuniwa bi a w?nom a w?asa mu ayi w?n no b?nom.
83,29,"Nkur?fo? a w?y? amumuy?fo? af?difo? no, na w?seresere nkur?fo? a w?agye adie no;"
83,30,Na s? w?retwam w? w?n ho a w?b? w?n ani kyer?-kyer? w?n ho.
83,31,Na s? w?san k? w?n abusuafo? h? a w?k? no ahomeka mu;
83,32,"Na ber? a w?hunuu w?n no, w?kaa s?, ‘Esi pi s? weinom ne ayerafo? no!’"
83,33,Nanso w?nnsomaa w?n s? w?ny? w?n so ahw?sofo?.
83,34,"Enti, saa da yi, agyidifo? no na w?b?sere atiafo? no,"
83,35,"W?tete abremp?n nnwa so, a w?re-hw?."
83,36,Enti ?nny? atiafo? no akatua a ?s? wan w? ade? a na w?y? no ho ara ne no?
84,1,"Ber? a ?soro b?pae ama emu ate? no,"
84,2,Na ?b?y? aso ama n’Awurade - na wei y? nhy? ma no -
84,3,"Na ber? a w?b?ter?ter? asaase mu,"
84,4,"Na ?b?yi de? ?w? ne mu nyinaa apuie, na ay? honn no;"
84,5,Na ?b?y? aso ama n’Awurade na wei y? nhy? ma no -
84,6,"O wo onipa, worepere k? w’Awurade h?, mpere denden; ?nne? esi pi s? wob?k? ak?hyia No."
84,7,"?nne?, nea w?de ne nwoma a ne ho ns?m wo mu b?ma no w? ne nsa nifa mu no,"
84,8,"?nnky? biara ?b?nya nkontabuo a ?y? mmer?,"
84,9,Na ?b?san ak? ne fiefo? h? ahurisi-die mu.
84,10,"Mmom, nea w?de ne nwoma a ne ho ns?m w? mu b?ma no n’akyi no,"
84,11,"?nnky? biara ?b?fr? ahwehw? ?s?e?,"
84,12,Na ?b?hye w? Egya a ayer? huren mu.
84,13,"Nokor?, wei ansa no, na ?te nkwa mu anigye? mu w? n’abusuafo? mu."
84,14,?no de? ?dwenee s? ?nnsan nk? Nyankopon h?.
84,15,"Dabi, mmom, n’Awurade no hunu no yie paa."
84,16,"Enti Mefr? anwummer? kanea a ?bob? n’ani na ?hyer?n no adanse?, "
84,17,"?ne adesae? ne de? ?dura ho nyinaa,"
84,18,"?ne bosome no ber? a ?y? mua no,"
84,19,"S?, s? ?te? biara, mob?firi tebea baako mu ak? fofor? mu."
84,20,"Enti ?de?n as?m na ?ma w?nnye nnie,"
84,21,Na s? w?kenkan Kur’aan no kyer? w?n a w?mm? w?n mu ase mmfa w?n anim mmutu-butu f?m ahobrase? mu;
84,22,"Mmom, nkur?fo? a w?nnye nnie no po ns?m no."
84,23,Na Allah nim de? w?de sie fee w? w?n akoma mu.
84,24,Enti fa asotwe yaaya no ho kase?b? ma w?n.
84,25,"Nanso nkur?fo? a w?gye die na w?y? nnwuma pa no de?, w?b?nya akatua a ?to? nntwa da."
85,1,"Meka ?soro no a ?w? nsoroma aban-tenten no,"
85,2,"Na Meka B?hy? Da no,"
85,3,"Meka ?dansedifo? no, ?ne nea w?adi ne ho adanse? no."
85,4,Nnome nka Amena Nkur?fo? no 
85,5,Egya no a wade akuade? ahy?m 
85,6,"Ber? a na w?te ho no,"
85,7,Na w?dii de? w?de y?? agyidifo? no ho adanse?.
85,8,"Na w?nntan w?n hwee ho ka s? w?gye Allah, ?tumfo? no a ?fata ay?yie no di nti,"
85,9,Nea ?soro ahoro? no ne asaase no mu ahennie y? Ne dea no; na Allah y? ?danseni w? ade? nyinaa so.
85,10,"Nkur?fo? a w?teetee agyidifo? mmarima ne agyidifo? mmaa no, na afei w?annya nnuhuu no, esi pi s? de? ?w? h? ma w?n ne Amanehunu-Gya asotwe no, na ?hye? asotwe no w? h? ma w?n."
85,11,Nanso nkur?fo? a w?gye die na w?y? nnwuma pa no b?nya Aheman Turo no a nsutene nenam mu no. ?no ne nkunimdie k?se? no.
85,12,"Esi pi s?, w’Awurade ns?mu ano y? den."
85,13,?no ne Nea ?hy?? ase? na ?san si mm?e? no so bio no.
85,14,Na ?no ne B?nefaky?fo? paa no a ?y? ?d?fo? no;
85,15,"Ahennwa no Wura no, ani-muonyam Wura no;"
85,16,Nea ?y? de? ?p? nyinaa p?s?? no.
85,17,Ana asraafo-d?m no ho abak?s?m aba wo h??
85,18,Farao ne Samuud d?m no?
85,19,Nanso nkur?fo? a w?nnye nnie no t?k? nokor? ntiae? so.
85,20,Na Allah atwa w?n ho ahyia w? kwan a w?nnhunu so.
85,21,"Mmom, ?y? animuonyam Kur’aan."
85,22,A ?w? atwer?-pono a w?ab? ?ho ban yie so.
86,1,Meka ?soro ne An?pa Nsoroma no -
86,2,Na ?de?b?n na ?b?ma wahunu de? An?pa Nsoroma no y??
86,3,?no ne nsoroma no a ?hyer?n na ?wow? no -
86,4,?kra biara nni h? a ?nni ?hw?sofo? w? ne so.
86,5,Enti ma onipa nsusu ho s? ?de?n na w?de b?? no.
86,6,"W?b?? no firii nsuo a epuie punkum mu,"
86,7,A efiri adi firi asene ne koko? nkas?? no nt?m.
86,8,Esi pi s? ?w? tumi s? ?de no san ba nkwa mu bio
86,9,?da no a w?b?bue asie-s?m nyinaa so? no.
86,10,"?nne?, ?nnya aho?den ne ?boafo? biara."
86,11,"Meka ?soro ahoro? no a ?san so (de nsuo) ba no,"
86,12,Na Meka asaase no a emu bue ma afifide? puiepuie mu no.
86,13,"Esi pi s?, ?y? as?m a w?ab? no p? p?s??,"
86,14,Na ?nny? kasa hunu.
86,15,"Ampa ara s?, w?rehyehy? ?p?-b? bi."
86,16,"Na, Me nso, Merehyehy? nsi-ani p?-b? bi."
86,17,Enti ma atiafo? no mmer?. Ei ma w?n mmer? kumaa bi.
87,1,"Tontom w’Awurade no din, ?soro-soroni no,"
87,2,"Nea ?b? ade? na ?wie no p?-y? no,"
87,3,"?ne Nea ?hyehy? na ?kyer? kwan no,"
87,4,"?ne Nea ?ma afifide? puiepuie adidibea no,"
87,5,"Na afei ?ma no y? tuntum, nwura a apor? no."
87,6,"Y?b?kyer? wo Kur’aan no, na wo wer? mmfiri,"
87,7,Gyes? de? Allah p?. Esi pi s? ?nim petee ne de? esie mu.
87,8,Na Y?b?ma w’ahiade? biara nya ay? mmer? ama wo.
87,9,Enti k? so kaekae won; esi pi s? nkaekae? ho w? mfaso?.
87,10,Obi a ?suro no ?nnky? biara ?b?y? ahw?yie;
87,11,"Nanso ti-b?nefo? no b?dane ne nky?m ak?,"
87,12,Nea ?fata no ne s? ?b?k? Egya k?se? no mu.
87,13,"Afei, ?no a ?nnwu w? mu, ?no nso a ?nnya nkwa."
87,14,"Nokor? ni, obi a ?b?te ne ho no, ?no na ?nya nk?so? kann no."
87,15,Na ?kaekae n’Awurade din na ?y? As?re no.
87,16,"Nanso mopene ewiase asetena yi mmom,"
87,17,W? aber? a Daankwamma no na ?y? paa na ?ka h?.
87,18,?y? nokor? s? wei ara na wokyer?-kyer?? no w? Ns?mpa a edii kan no mu -
87,19,Abraham ne Mose Ns?mpa no.
88,1,Ana atower?nky?m a ?bunkam so? no ho amaneb? aba wo h??
88,2,Anim binom b?si ase saa da no;
88,3,"W?y? adwuma-den, w?br?."
88,4,W?b?wura Egya a ?rehye? mu;
88,5,Na w?b?ma w?anom afiri nsuniwa a ?rehuru mu;
88,6,"W?nnya aduane biara gyes? nhahan a awo?, ?nwono, na ?y? nkas??-nkas??, "
88,7,"?no a ?mma k?se?, ?no nso a ?nnwo-dwo ?k?m ano."
88,8,"Na anim binom nso b?kyer? anigye? saa da no,"
88,9,"W?n ani b?gye w?n nnwuma ho,"
88,10,"W? Turo a ?kr?n no mu,"
88,11,Wonnte kasa hunu biara w? mu;
88,12,"Emu na nsuniwa a ?de mmirika w?,"
88,13,"Emu na abremp?n nnwa a ?kr?n w?,"
88,14,"?ne nkuruwa a w?de asisi yie,"
88,15,"?ne ntoma mmoto-mmoto a w?a-hyehy? no f??f??f?,"
88,16,?ne ntoma-k?t? a w?ater?ter? mu s?de? ?s?.
88,17,"Ana w?nnhw? yoma, s?de? w?ab? no?"
88,18,"?ne ?soro nso, s?de? w?asi ama so??"
88,19,"?ne mmep? nso, s?de? ase? a?intim?"
88,20,"?ne asaase nso, s?de? w?ater?ter? mu?"
88,21,"Enti tu fo, ?firis? woy? fotufo? ampa;"
88,22,Wonny? w?n so ?hw?sofo?.
88,23,"Nanso nea ?b?dane ne ho ak? na watia no,"
88,24,Allah de asotwe k?se? paa no na ?b?twe n’aso.
88,25,"Esi pi s?, Y?n nky?n na w?n nsankyire w?,"
88,26,"Afei, esi pi s?, Y?n na ?w? h? ma Y?n s? Y?fr? w?n ma w?bu w?n nkonta."
89,1,"Meka Ahomakye no,"
89,2,"?ne Anadwo Du no,"
89,3,"?ne de? w?ky? mu p? a ?y? yie, ne de? ?nny? yie no,"
89,4,"?ne anadwo no ber? a ?twe k? n’awie? no,"
89,5,Enti adansedie a ?y? den nni mu mma obi a ?w? ntease??
89,6,Ana wonnhunuu s?de? w’Awurade ne ‘Aad-fo? si dii? 
89,7,"Iram abusua no, w?nom a w?w? adan atenten no,"
89,8,"Adan te s? w?n de? no, na w?nnsii bi nnii kan w? nsaase no mu,"
89,9,"?ne Samuud a na w?tu mmotan mu w? b?nhwa no mu,"
89,10,"?ne Farao, nsraban a w?abob?m wura no?"
89,11,W?nom a w?y?? amumuy? w? nsaase mu no.
89,12,Na w?y?? basabasay? pii w? mu no.
89,13,Afei w’Awurade no maa asotwe abaa b?? w?n so.
89,14,"Esi pi s?, w’Awurade no gu so w?n,"
89,15,"Onipa de?, s? n’Awurade s? no hw? na ?ma no animuonyam na ?de adom ahoro? ma no a, ?ka s?, ‘M’Awurade ahy? me animuonyam.’"
89,16,"Nanso s? ?s? no hw? na ?ma n’ak?nhomab?de? nya mu y? den ma no a, ?ka s?, ‘M’Awurade agu m’anim ase.’"
89,17,"Dabi, mmom monnhy? agyanka animuonyam,"
89,18,Na monnkamfo nnkyer? mo ho mo ho s? w?ma ahiafo? aduane.
89,19,"Na modi nnipa foforo adedie pasapasa,"
89,20,"Na mod? ahonyade?, ?d? a ?boro so?."
89,21,"Dabida, ber? a w?b?si asaase no ama no ayam fek?? no;"
89,22,Na w’Awurade b?banasoro-ab?fo? no b?to santene a santene no bi da bi akyi no;
89,23,"Na w?de Amanehunu-Gya b?ba ama no ab?n saa da no; saa da no, na onipa b?kae, nanso mfaso? b?n na nkaekae? no b?y? ama no?"
89,24,"?b?ka s?, ‘O mennue, s? anka, mey?? nnwuma papa bi too h? maa me nkwa a ?wo hayi a!'"
89,25,"Enti saa da no obiara nni h? a ?b?tumi atwe aso te s? N’asotwe no,"
89,26,Na obiara nni h? a ?b?tumi akyekyere te s? Ne nkyekyere?;
89,27,"Na wo, O ?kra a wow? asomdwoe? mu!"
89,28,San k? w’Awurade h? ber? a wani agye Ne ho na ?no nso ani agye wo ho.
89,29,"Enti hy?ne mu ka Me nkoa a Masa mu ayi w?n no ho,"
89,30,Na hy?ne Me Turo no mu.
90,1,Mede saa kurop?n yi di nse yereke-tee-
90,2,Na saa kurop?n yi mu na wote? -
90,3,"Na Mede ?wofo? ne de? ?wooe? no di nse,"
90,4,"Esi pi s?, Y?b?? onipa s? ?m?hyia ahokyer?."
90,5,Ana ?dwene s? obiara nni ne so tumi?
90,6,"?ka s?, ‘Mas?e agyapade? dodo paa.’"
90,7,Ana ?dwene s? obiara nnhu no?
90,8,"Ana ?nny? Y?n na Y?ama no ani mmienu,"
90,9,?ne t?kr?ma ne ano-fafa mmienu?
90,10,Na Y?kyer?? no animuonyam kwan mmienu a ?foro k? soro.
90,11,Nanso wanni ‘Akabah’ kwan no akyi.
90,12,Na ?de?n na ?b?ma wahunu adekor? a ‘Akabah’ y??
90,13,?no ne s? w?b?gyae ?d?nk? ama wade ne ho.
90,14,Anaas? w?b?ma aduane w? ?k?m da mu
90,15,"De ama agyanka a ?y? obusuani,"
90,16,Anaas? ohiani a oda mfuturo mu.
90,17,"Bio, ?w? s? ?ka nkur?fo? a w?agye adie ho, na w?tu w?n ho fo w? nt?k?so? ho na w?tu w?n ho fo w? ahumm?bor?-y?ho."
90,18,Weinom ne nsa nifa nkur?fo? no.
90,19,"Nanso nkur?fo? a w?tia Y?n Ns?n-kyer?nne? ahoro? no, w?nom ne nsa benkum nkur?fo? no."
90,20,W?n so na egya a w?aboa ano b?foro afa.
91,1,"Meka awia no ne ber? a ?hy? ase? hyer?n no,"
91,2,"Na Meka bosome no, ber? a edi (awia no) akyi,"
91,3,"Na Meka adekye? ber? a eyi n’animuonyam adi no,"
91,4,"Na Meka adesae? ber? a ?twe nkataso? w? ?so no,"
91,5,"Na Meka ?soro ne de? w?de y??e? no,"
91,6,"Na Meka asaase ne ne nter?mu a w?ater?ter? mu no,"
91,7,Na Meka ?kra ne ne p?-y? a w?ay? no no-
91,8,"Na ?yii no adi kyer?? no, ade? a ?y? b?ne ma no ne ade? a ?tene ma no -"
91,9,"Esi pi s?, nea ?toa ahote? no so no b?nya nk?so?,"
91,10,Na esi pi s? nea ?b?gu ?ho fi no nso b?s?e.
91,11,Samuud abusua no poo nokor? no ?nam w?n atuate? nti.
91,12,"Ber? a w?n mu ti-b?nefo? paa no s?re gyinaae? no,"
91,13,"Afei Allah Somafo? no kaa s?, ‘Monyae Allah yoma-bere? no, na moma ?nom.’"
91,14,"Nanso w?poo no na w?twitwaa ne ntini mu bubuu no, enti w?n Awurade no s?ee w?n pasa-pasa ?nam w?n b?ne nti, na ?twaa w?n guu f?m."
91,15,Na ?nnsuro n’awie-kyire biara.
92,1,"Meka adesae?, ber? a ?kata so? no!"
92,2,"Na Meka adekye? ber? a ?hyer?n no,"
92,3,"Na Meka ?barima ne ?baa mm?e? no,"
92,4,Esi pi s? mo mm?denb? gu ahoro?.
92,5,"Afei nea ?yi bi ma na ?y? ?teneneeni no,"
92,6,"Na ?di de? ?y? papa nyinaa ho adanse? na ?hy? no ma no,"
92,7,Y?b?toto ahiade? biara ama no ay? mmer? ama no.
92,8,"Mmom nea ?y? p?p?? na ?mmfa hwee ho nt?n nti,"
92,9,"Na ?po de? ?tene no,"
92,10,Y?b?ma ahohiahia-nya ay? mmer? ama no.
92,11,Na n’ahonyade? ho mma no mfaso? ber? a ?b?s?e no.
92,12,"Esi pi s?, ?w? h? ma Y?n s? Y?kyer? kwan;"
92,13,Na Y?n na Daankwamma ne seisei wiase yi y? Y?n dea.
92,14,Enti meb? mo k?k? fa Egya-d?re? bi ho.
92,15,"Obiara nnwura mu gyes? nea ?y? otirimu?denfo? paa no,"
92,16,?no a ?po nokor? no na ?dane n’akyi no.
92,17,"Mmom ?teneneeni no de? w?b?yi no afiri ho,"
92,18,Nea ?de n’ahonyade? ma s? ?b?nya ahote? nti no.
92,19,"Na ?nne obiara ka w? adom bi ho a ?s? s? ?tua ho ka,"
92,20,"Gyes? ode n’ahonyade? ma s? ?de rehwehw? anigye? a efiri n’Awurade, ?sorosoroni no h?."
92,21,Na ?nnky? biara N’ani b?gye ne ho.
93,1,"Meka anopa-wia nhyer?nne? no,"
93,2,"Na Meka adesae?, ber? a atae dinn no,"
93,3,W’Awurade no mpaa w’akyi nanso ?nnyii wo mmaae abufuo mu.
93,4,"Esi pi s?, d?nhwere biara a edi akyire no y? ma wo ky?n de? edii n’anim no."
93,5,Na ?nnky? biara w’Awurade no de b?ma wo ama w’ani agye.
93,6,Ana Wannhu wo s? woy? agyanka na ?maa wo tenabea?
93,7,Na ?hunuu wo s? worekyinkyini rehwehw? no na ?kyer?? wo kwan baa ne ho.
93,8,"Na ?hunuu wo s? wadi nya, na ?y?? wo ?defo?."
93,9,"Enti agyanka de?, mma nnhy? ne so,"
93,10,"Na ?sr?-sr?fo? de? mma nnte no atua,"
93,11,"Na w’Awurade adorn ahoro? no de?, ka to dwa kyer? nnipa nkae? no."
94,1,Ana ?nny? Y?n na Y?buee wo koko mu maa wo?.
94,2,Na Y?ayi w’adesoa afiri wo so.
94,3,?no na aka kumaa bi ama abu w’akyi mu no.
94,4,Na Y?maa wo din so?
94,5,Eti esi pi s? ahogono w? ahokyer? akyi.
94,6,Esi pi s? ahogono w? ahokyer? akyi ampa.
94,7,"Enti s? wonya wo ho twabea a, b? mm?den di aperedie dendenden."
94,8,Na w’Awurade no na dane k? Ne h? hwehw? no anibere so.
95,1,Meka Bor?doma no ne ‘Z?ituun’ Ngo-dua no.
95,2,Na Meka Bep? Sinai.
95,3,"Na Meka saa Kuro yi, asomdwoe? tenabea no."
95,4,Esi pi s? Y?ab? onipa w? adeb? nhyehy?e? a edi mu paa so.
95,5,Afei Y?san no akyi ba gyinabr? a ?w? f?m na ?y? foo paa mu.
95,6,"Gyes? nkur?fo? a w?gye die na w?y? nnwuma pa no, enti w?nom de? akatua a enni awie? na w?b?nya."
95,7,"?nne? na ?de?n ho na w?b? wo tor? w? wei akyi, ?fa Atemmuo no ho."
95,8,?nny? Allah na ?y? atemmuafo? mu ?temmuafo? a ?di mu paa no.
96,1,"Kenkan w? w’Awurade no din mu, Nea ?b?? ade? no,"
96,2,?b?? onipa firii toa bi a akyere ab?m fua no mu.
96,3,Kenkan Na w’Awurade no ne Animuonyam-hene no.
96,4,Nea ?de twer?-dua kyer?? ade? no.
96,5,?kyer?? onipa ade? a na ?nnim.
96,6,"Dabida! esi pi s? onipa y? otuatefoo amumuy?fo?,"
96,7,Efiris? ?dwene fa ne ho s? ?de ne ho.
96,8,"Esi pi s?, w’Awuradeh? nansankyire no w?."
96,9,Ana wahunu nea ?si kwan no
96,10,A ?si y'akoa kwan ber? a ?reb? mpae? no?
96,11,"Y? ahw?yie, s? woreb?hunu s? ?w? kwankyer? no so a."
96,12,Anaas? ?kyer?kyer? teneneey? a wob?y? no d?n?
96,13,"Bio, wasusu ho s? ebia otiafoo no, ?no mmom na ?b?? nokor? no tr? na ?danee ne ho k??e? a,"
96,14,Ana ?nnhunu s? Allah hunu ade??
96,15,"Dabida, s? wannyae a, esi pi s?, Y?b?s? ne moma so nwi mu atwe no ase,"
96,16,"Onipa nkontomponi, ?deb?ney?ni no moma so nwii."
96,17,"?nne? ma ?nfr? n’ahokafo?,"
96,18,Y?n nso Y?b?fr? Y?n soro-ab?fo? a w?twe aso no ama woato no atwene Amanehunu-Gya mu.
96,19,"Dabi, nnyae wo ho mma no, mmom br? wo ho ase fa w’anim butu f?m na twe b?n Nyankopon."
97,1,"Esi pi s?, Y?sane baa f?m w? Hy?br? Anadwo no mu."
97,2,Na ?de?b?n na ?b?ma wahunu ade-kor? a Hy?br? Anadwo no y??
97,3,Hy?br? Anadwo no di mu ky?n bosome apem.
97,4,"Emu na soro-ab?fo? no ne Honhom no, nam w?n Awurade ahy?de? so, de as?m biara sane ba f?m."
97,5,Asomdwoe? - saa na ?b?y? mpo k?pem s? ahomakye b?yi ne ti.
98,1,Nkur?fo? a w?y? atiafo? no a w?firi Nwoma Nkur?fo? no mu ne abosom-somfo? no annyae ntiae? no ara da k?pem s? ns?nkyer?mu a ?da adi baa w?n mu.
98,2,?somafo? bi a ?firi Allah h? a ?kenkan Ns?mpa a ?ho te?.
98,3,Emu na nkyer?kyer? a ?w? h? daa w?.
98,4,Na nkur?fo? a w?maa w?n Nwoma no mu ampaepae k?pem s? ns?n-kyer?mu a ?da adi baa w?n mu.
98,5,"Nanso w?annhy? w?n biribiara ho ka s? w?nsom Allah, na w?ni nokor? ma no w? sotie mu na w?ny? p?, na w?ny? As?re na w?ntua Zakaat. Na ?no ne nkurofoo no a w?w? tenenee kwan so no som."
98,6,"Ampa ara s?, nkur?fo? a w?tia a w?firi Nwoma no Nkur?fo? mu no, ?ne abosomsomfo? no b?tena Amanehunu-Gya no mu afe b??. W?nom ne b?ne a ?w? ab?de? mu."
98,7,"Ampa ara s?, nkur?fo? a w?gye die na w?y? nnwuma pa no - w?nom na w?di mu paa w? ab?de? mu."
98,8,"W?nom akatua w? w?n Awurade no h? - Daa-mfensaa Turo ahoro? no a nsutene pem ase? no mu. W?b?tena mu afe b??. Allah ani agye w?n ho yie, na w?n nso ani agye ne no. Wei w? h? ma nea ?suro n’Awurade no."
99,1,"Ber? a asaase b?woso ne woso? den-den no,"
99,2,"Na asaase ayi n’adesoa nyinaa adi no,"
99,3,"Na onipa b?ka s?, ‘?de?n as?m na aka no yi?"
99,4,"?da no na ?b?b? n’amanne?,"
99,5,"Efiris?, w’Awurade na Wayi akyer? no."
99,6,?da no na nnipa a w?ab? apetee b?firi adi akuo-akuo ama w?de w?n nney?e? awie-akyire akyer? w?n.
99,7,"Na nea ?b?y? papa te s? awide? aba mu duro b?hunu,"
99,8,Na nea ?b?y? b?ne te s? awide? aba mu duro nso b?hunu.
100,1, Meka akofoo no mponko aho?hare-fo? no hwenemutuo no.
100,2,W?nom a won nan ase tete gya no.
100,3,Na w?to hy? atamfo so ahomakye ber? no.
100,4,Na w?de pagya mfuturo mmurunkum no.
100,5, Na wode saa-y? hy?ne atamfo no mfinimfini santene mu no.
100,6," ?si pi s?, onipa y? boniay? ma n’Awurade;"
100,7," Na esi pi s?, ono ara y? ?ho dansefoo;"
100,8," Na esi pi s?, ahonyade? ho d? nti ?yere ne ho dendenden."
100,9,"Ana onii-kor? no nnim s?, s? w?nyane w?n a w?w? adamena mu no a."
100,10,Na s? w?yi de? ?w? akoma mu no adi a.
100,11,"?si pi s?, w?n Awurade no, saa da no, b?w? nimde? w? w?n ho a ?b?y? Amaneb?fo? s? ?te? biara?"
101,1,Atower?nky?m k?se? no!
101,2,Ede?n ne Atower?nky?m k?se? no?
101,3,Na ?de?n na ?b?ma wahunu ade-kor? a Atower?nky?m k?se? no y??
101,4,"?da no a adasamma b?y? te s? nwenwe-mmoa a w?ab? apete no,"
101,5,Na mmep? no b?y? te s? asaawa a w?atete mu apete.
101,6,"?nne?, nea ne nsania mu b?y? duro no de?,"
101,7,?b?nya asetena a anigye? w? mu.
101,8,"Mmom nea ne nsania mu b?y? hare no de?,"
101,9,Ne maame b?y? ‘Haawiyah.’
101,10,Na ?de?n na ?b?ma wahunu adekor? a ?y??
101,11,?y? Egya bi a ?red?re huren-huren.
102,1,"Ahonyade? ho mperesie ne mfomp? a ?w? mo nt?m no ama mo ay? anibugu-so?,"
102,2,?b?k? so ara ak?si s? mob?duru amusie? mpo.
102,3,Dabida! ?nnky? biara mob?ba ab?hunu.
102,4,Bio! dabida ?nnky? biara mob?ba ab?hunu.
102,5,"Dabida! s? anka monim nimde? no a esi pi no a,"
102,6,"Esi pi s?, mob?hunu Amanehunu-Gya no wo nkwa yi ara mu."
102,7,"Afei, s? ?te? biara mode ani a esi pie b?hunu no pefee."
102,8,"Afei, saa da no, w?b?fr? mo ama moabu ewiase adom ahoro? no ho nkonta."
103,1,"Meka mmer? adansedie no,"
103,2,"Ampa ara s? onipa w? nyerae? mu,"
103,3,"Gyes? w?nom a w?gye die na w?y? nnwuma pa, na w?de nokor? tu w?n ho fo, na w?tu w?n ho fo s? w?nyina pintinn."
104,1,"Nnome nka osekub?fo?, ntwatosofo? biara."
104,2,Nea ?boaboa agyapade? ano na ?kan no ber? bi ne ber? bi akyi.
104,3,?dwene s? n’agyapade? no b?ma watena h? daa a ?nnwu da.
104,4,"Dabida, s? ?te? biara, w?b?to no atwene ‘Al-Hutamah’ mu."
104,5,Na ?de?n na ?b?ma wahunu adekor? a ‘Al-Hutamah’ y??
104,6,"?y? Allah gya aw?as? ano,"
104,7,A ?b?huri w? akoma so.
104,8,W?b?ka abua so atia w?n.
104,9,W? amena-kuo a w?atoatoa-so? mu.
105,1,Ana wonnhunuu s?de? w’Awurade de y?? ?sono Nkur?fo? no?
105,2,Ana wamma w?n p?-b? no annto amfere ho anny? kwa?
105,3,Na ?somaa nnomaa kud?m baa w?n so.
105,4,"B?dii w?n afunu, hwetee w?n nam w? kunkum-abo? so."
105,5,Na w?de saa y?? w?n te s? nwura asini-asini a w?asos? adie.
106,1,S? w?b?kyekyere Kur?ihy ab? mu fua.
106,2,"?ne s? w?b?tu w?n nkab?m mpono nti, Y?ahyehy? adwadie akwantuo w? aw?-ber? ne ahuhuro-ber? mu."
106,3,Enti ma w?nsom saa Efie yi Awurade no.
106,4,"Nea wama w?adidie atwe w?n afiri ?k?m mu, na Wama w?n banb? afiri suro ho."
107,1,Ana wahunu nea ?po ?som no?
107,2,?no ne nea ?pam agyanka firi h? k? no.
107,3,Na ?nnkamfo ahiafo? aduane-ma no.
107,4,Enti nnome nka nkur?fo? a w?y? as?re no.
107,5,Nanso w?y? nkur?fo? a w?n adwene nna w?n As?rey? so? no.
107,6,Nkur?fo? no a w?y? y?kyer? no.
107,7,Na w?kame nnipa firi mfasode? ketewa bi mpo ho no.
108,1,"Esi pi s?, Y?ama wo papa bebiree."
108,2,Enti b? mpae? ma w’Awurade na b? af?re?.
108,3,"Esi pi s?, wotamfo no, ?no na ?nni ?ba."
109,1,"Ka s?, ‘O mo atiafo?!"
109,2,Mennsom ade? a mosom no.
109,3,Na mo nso monnsom de? mesom no.
109,4,Na memm?som de? mosom no da.
109,5,Na mo nso momm?som de? mesom no.
109,6,"Mo som w? h? ma mo, na me som w? h? ma me."
110,1,"Ber? a Allah mmoa no b?ba no, ?ne nkunimdie no."
110,2,Na wob?hunu adasamma s? w?rewura Allah som no mu akuo-akuo akuo-akuo.
110,3,"Enti fa w’Awurade no ay?yie tontom no, na hwehw? b?nefaky? firi ne h?. Ampa ara s? ?no de? ?taa de ntim-moboro dane ne ho ma."
111,1,"?s?e? nka Abu Lahab* nsa mmienu no, na saa ara na ?s?e? nka no."
111,2,N’ahonyade? ne de? wanya nyinaa ho mma no mfaso?.
111,3,?nnky? biara ?b?wura egya bi a ?yer? gonn mu.
111,4,"?ne ?baa a ?ka ne ho no nso, a ?soa gya-ntiaa nenam no."
111,5,Ne k?n mu na w?de ky?nky?n a w?akyim no ahorna b?to?.
112,1,"Ka s?, ‘?no ne Allah, ?baako no"
112,2,"Allah, ?nntwere biribiara na biri-biara twere no."
112,3,"?nnwo ba, na obiara nso annwo no."
112,4,Na biribiara nnte s? ?no ka Ne ho.
113,1,"Ka s?, Mehwehw? dwanek?bea w? nte-mu Awurade no h?,"
113,2,"Firi b?ne a ?w? de? Wab? mu,"
113,3,"Ne b?ne a ?w? anadwo mu ber? a ater?ter? no,"
113,4,"Ne b?ne a ?w? w?nom a w?hu (mframa) gu ap? mu s? wob?sane no ho,"
113,5,"Ne b?ne a ?w? oniberefo? ho, w? ber? a n‘ani bere? no."
114,1,"Ka s?, ‘Mehwehw? dwanek?bea w? adasamma Awurade no h?"
114,2,Adasamma Hene no h?
114,3,Adasamma Nyankop?n no h?
114,4,Firi b?ne a ?w? ?d??d??fo? a ?bese-bese no ho
114,5,Nea ?besebese b?ne gu nnipa akoma mu no ho
114,6,Firi Gyinn ne Adasamma mu no.
